  194.37,    6.00
  194.64,    6.00
  194.91,    6.00
  195.18,    1.02
  195.45,   -1.34
  195.72,    6.00
  195.99,    1.18
  196.26,    0.37
  196.53,    0.06
  196.80,    0.01
  197.07,    0.26
  197.34,    0.06
  197.61,   -0.04
  197.87,    0.02
  198.14,   -0.00
  198.41,    0.08
  198.68,    0.09
  198.95,    0.10
  199.22,    0.11
  199.49,    0.11
  199.76,    0.10
  200.03,    0.11
  200.30,    0.11
  200.57,    0.12
  200.83,    0.13
  201.10,    0.14
  201.37,    0.14
  201.64,    0.16
  201.91,    0.16
  202.18,    0.15
  202.45,    0.14
  202.72,    0.13
  202.98,    0.15
  203.25,    0.15
  203.52,    0.16
  203.79,    0.13
  204.06,    0.10
  204.33,    0.13
  204.60,    0.12
  204.87,    0.11
  205.13,    0.12
  205.40,    0.12
  205.67,    0.17
  205.94,    0.15
  206.21,    0.14
  206.48,    0.15
  206.75,    0.15
  207.01,    0.17
  207.28,    0.14
  207.55,    0.12
  207.82,    0.13
  208.09,    0.12
  208.36,    0.13
  208.63,    0.11
  208.89,    0.12
  209.16,    0.13
  209.43,    0.12
  209.70,    0.13
  209.97,    0.17
  210.24,    0.16
  210.50,    0.15
  210.77,    0.16
  211.04,    0.18
  211.31,    0.17
  211.58,    0.15
  211.85,    0.13
  212.11,    0.13
  212.38,    0.12
  212.65,    0.10
  212.92,    0.06
  213.19,    0.08
  213.45,    0.10
  213.72,    0.10
  213.99,    0.10
  214.26,    0.07
  214.53,    0.09
  214.79,    0.12
  215.06,    0.13
  215.33,    0.14
  215.60,    0.17
  215.87,    0.18
  216.13,    0.19
  216.40,    0.16
  216.67,    0.16
  216.94,    0.15
  217.21,    0.18
  217.47,    0.18
  217.74,    0.15
  218.01,    0.14
  218.28,    0.15
  218.55,    0.12
  218.81,    0.14
  219.08,    0.13
  219.35,    0.18
  219.62,    0.19
  219.88,    0.19
  220.15,    0.19
  220.42,    0.20
  220.69,    0.19
  220.95,    0.17
  221.22,    0.18
  221.49,    0.20
  221.76,    0.18
  222.03,    0.18
  222.29,    0.19
  222.56,    0.14
  222.83,    0.12
  223.10,    0.13
  223.36,    0.11
  223.63,    0.13
  223.90,    0.14
  224.17,    0.15
  224.43,    0.14
  224.70,    0.15
  224.97,    0.16
  225.23,    0.15
  225.50,    0.20
  225.77,    0.24
  226.04,    0.26
  226.30,    0.32
  226.57,    0.35
  226.84,    0.40
  227.11,    0.41
  227.37,    0.44
  227.64,    0.48
  227.91,    0.51
  228.17,    0.55
  228.44,    0.57
  228.71,    0.58
  228.98,    0.63
  229.24,    0.63
  229.51,    0.67
  229.78,    0.68
  230.04,    0.69
  230.31,    0.74
  230.58,    0.77
  230.85,    0.80
  231.11,    0.84
  231.38,    0.85
  231.65,    0.87
  231.91,    0.87
  232.18,    0.88
  232.45,    0.91
  232.71,    0.95
  232.98,    0.99
  233.25,    1.03
  233.51,    1.06
  233.78,    1.11
  234.05,    1.15
  234.31,    1.20
  234.58,    1.25
  234.85,    1.31
  235.11,    1.33
  235.38,    1.35
  235.65,    1.38
  235.91,    1.40
  236.18,    1.44
  236.45,    1.49
  236.71,    1.51
  236.98,    1.53
  237.25,    1.56
  237.51,    1.57
  237.78,    1.60
  238.05,    1.65
  238.31,    1.67
  238.58,    1.72
  238.85,    1.77
  239.11,    1.76
  239.38,    1.74
  239.65,    1.75
  239.91,    1.79
  240.18,    1.79
  240.45,    1.80
  240.71,    1.77
  240.98,    1.78
  241.24,    1.81
  241.51,    1.82
  241.78,    1.80
  242.04,    1.81
  242.31,    1.84
  242.58,    1.85
  242.84,    1.84
  243.11,    1.85
  243.37,    1.88
  243.64,    1.92
  243.91,    1.92
  244.17,    1.89
  244.44,    1.88
  244.70,    1.89
  244.97,    1.89
  245.24,    1.92
  245.50,    1.91
  245.77,    1.92
  246.03,    1.91
  246.30,    1.90
  246.57,    1.90
  246.83,    1.91
  247.10,    1.94
  247.36,    1.96
  247.63,    1.94
  247.90,    1.95
  248.16,    1.91
  248.43,    1.93
  248.69,    1.89
  248.96,    1.89
  249.23,    1.92
  249.49,    1.94
  249.76,    1.93
  250.02,    1.94
  250.29,    1.93
  250.55,    1.95
  250.82,    1.95
  251.09,    1.97
  251.35,    1.94
  251.62,    2.00
  251.88,    2.01
  252.15,    2.02
  252.41,    2.01
  252.68,    2.00
  252.94,    1.99
  253.21,    2.01
  253.48,    2.03
  253.74,    2.05
  254.01,    2.05
  254.27,    2.09
  254.54,    2.07
  254.80,    2.07
  255.07,    2.07
  255.33,    2.05
  255.60,    2.06
  255.86,    2.07
  256.13,    2.06
  256.40,    2.07
  256.66,    2.04
  256.93,    2.05
  257.19,    2.04
  257.46,    2.02
  257.72,    2.02
  257.99,    2.01
  258.25,    2.02
  258.52,    2.03
  258.78,    2.05
  259.05,    2.06
  259.31,    2.04
  259.58,    2.05
  259.84,    2.03
  260.11,    2.04
  260.37,    2.07
  260.64,    2.08
  260.90,    2.06
  261.17,    2.06
  261.43,    2.05
  261.70,    2.01
  261.96,    1.99
  262.23,    1.99
  262.49,    1.97
  262.76,    1.96
  263.02,    1.97
  263.29,    1.95
  263.55,    1.94
  263.82,    1.96
  264.08,    1.95
  264.35,    1.94
  264.61,    1.96
  264.88,    1.96
  265.14,    1.95
  265.41,    1.97
  265.67,    1.98
  265.93,    1.95
  266.20,    1.94
  266.46,    1.93
  266.73,    1.95
  266.99,    1.96
  267.26,    1.95
  267.52,    1.94
  267.79,    1.95
  268.05,    1.94
  268.32,    1.92
  268.58,    1.93
  268.85,    1.94
  269.11,    1.92
  269.37,    1.91
  269.64,    1.86
  269.90,    1.82
  270.17,    1.76
  270.43,    1.69
  270.70,    1.62
  270.96,    1.55
  271.23,    1.48
  271.49,    1.40
  271.75,    1.33
  272.02,    1.26
  272.28,    1.19
  272.55,    1.13
  272.81,    1.06
  273.08,    1.01
  273.34,    0.97
  273.60,    0.92
  273.87,    0.88
  274.13,    0.84
  274.40,    0.81
  274.66,    0.78
  274.92,    0.75
  275.19,    0.73
  275.45,    0.71
  275.72,    0.69
  275.98,    0.67
  276.24,    0.65
  276.51,    0.64
  276.77,    0.62
  277.04,    0.61
  277.30,    0.60
  277.56,    0.58
  277.83,    0.57
  278.09,    0.56
  278.36,    0.55
  278.62,    0.54
  278.88,    0.53
  279.15,    0.52
  279.41,    0.51
  279.68,    0.50
  279.94,    0.49
  280.20,    0.48
  280.47,    0.47
  280.73,    0.47
  280.99,    0.46
  281.26,    0.45
  281.52,    0.45
  281.78,    0.44
  282.05,    0.44
  282.31,    0.44
  282.58,    0.43
  282.84,    0.43
  283.10,    0.43
  283.37,    0.43
  283.63,    0.43
  283.89,    0.43
  284.16,    0.43
  284.42,    0.43
  284.68,    0.42
  284.95,    0.42
  285.21,    0.42
  285.47,    0.42
  285.74,    0.42
  286.00,    0.42
  286.26,    0.42
  286.53,    0.42
  286.79,    0.42
  287.05,    0.42
  287.32,    0.41
  287.58,    0.41
  287.84,    0.41
  288.11,    0.40
  288.37,    0.40
  288.63,    0.39
  288.90,    0.39
  289.16,    0.38
  289.42,    0.37
  289.69,    0.36
  289.95,    0.36
  290.21,    0.35
  290.48,    0.34
  290.74,    0.33
  291.00,    0.32
  291.26,    0.32
  291.53,    0.31
  291.79,    0.31
  292.05,    0.30
  292.32,    0.30
  292.58,    0.29
  292.84,    0.29
  293.11,    0.29
  293.37,    0.29
  293.63,    0.29
  293.89,    0.29
  294.16,    0.29
  294.42,    0.29
  294.68,    0.29
  294.95,    0.29
  295.21,    0.29
  295.47,    0.29
  295.73,    0.29
  296.00,    0.29
  296.26,    0.29
  296.52,    0.29
  296.78,    0.29
  297.05,    0.29
  297.31,    0.29
  297.57,    0.29
  297.83,    0.29
  298.10,    0.29
  298.36,    0.29
  298.62,    0.29
  298.88,    0.28
  299.15,    0.28
  299.41,    0.28
  299.67,    0.27
  299.93,    0.27
  300.20,    0.26
  300.46,    0.26
  300.72,    0.25
  300.98,    0.24
  301.25,    0.24
  301.51,    0.23
  301.77,    0.22
  302.03,    0.22
  302.30,    0.21
  302.56,    0.21
  302.82,    0.20
  303.08,    0.20
  303.34,    0.20
  303.61,    0.19
  303.87,    0.19
  304.13,    0.19
  304.39,    0.19
  304.66,    0.19
  304.92,    0.19
  305.18,    0.19
  305.44,    0.19
  305.70,    0.19
  305.97,    0.19
  306.23,    0.19
  306.49,    0.19
  306.75,    0.19
  307.01,    0.19
  307.28,    0.19
  307.54,    0.19
  307.80,    0.19
  308.06,    0.19
  308.32,    0.19
  308.59,    0.19
  308.85,    0.19
  309.11,    0.19
  309.37,    0.19
  309.63,    0.19
  309.89,    0.19
  310.16,    0.19
  310.42,    0.19
  310.68,    0.19
  310.94,    0.19
  311.20,    0.19
  311.47,    0.19
  311.73,    0.19
  311.99,    0.20
  312.25,    0.20
  312.51,    0.20
  312.77,    0.20
  313.03,    0.20
  313.30,    0.20
  313.56,    0.21
  313.82,    0.21
  314.08,    0.21
  314.34,    0.21
  314.60,    0.22
  314.87,    0.22
  315.13,    0.23
  315.39,    0.23
  315.65,    0.24
  315.91,    0.24
  316.17,    0.25
  316.43,    0.25
  316.70,    0.26
  316.96,    0.26
  317.22,    0.27
  317.48,    0.28
  317.74,    0.28
  318.00,    0.29
  318.26,    0.29
  318.52,    0.30
  318.79,    0.31
  319.05,    0.31
  319.31,    0.32
  319.57,    0.33
  319.83,    0.33
  320.09,    0.34
  320.35,    0.34
  320.61,    0.35
  320.87,    0.35
  321.14,    0.36
  321.40,    0.36
  321.66,    0.36
  321.92,    0.36
  322.18,    0.36
  322.44,    0.36
  322.70,    0.36
  322.96,    0.36
  323.22,    0.36
  323.48,    0.36
  323.74,    0.36
  324.01,    0.35
  324.27,    0.35
  324.53,    0.35
  324.79,    0.35
  325.05,    0.35
  325.31,    0.35
  325.57,    0.35
  325.83,    0.35
  326.09,    0.35
  326.35,    0.35
  326.61,    0.35
  326.87,    0.35
  327.13,    0.35
  327.39,    0.36
  327.66,    0.36
  327.92,    0.37
  328.18,    0.37
  328.44,    0.38
  328.70,    0.39
  328.96,    0.40
  329.22,    0.41
  329.48,    0.42
  329.74,    0.43
  330.00,    0.44
  330.26,    0.45
  330.52,    0.47
  330.78,    0.48
  331.04,    0.50
  331.30,    0.51
  331.56,    0.52
  331.82,    0.54
  332.08,    0.55
  332.34,    0.57
  332.60,    0.58
  332.86,    0.59
  333.12,    0.61
  333.38,    0.62
  333.64,    0.64
  333.90,    0.65
  334.16,    0.66
  334.43,    0.68
  334.69,    0.69
  334.95,    0.70
  335.21,    0.71
  335.47,    0.72
  335.73,    0.73
  335.99,    0.73
  336.25,    0.74
  336.51,    0.73
  336.77,    0.73
  337.03,    0.73
  337.29,    0.72
  337.55,    0.71
  337.81,    0.70
  338.07,    0.69
  338.33,    0.68
  338.59,    0.67
  338.85,    0.66
  339.10,    0.65
  339.36,    0.63
  339.62,    0.62
  339.88,    0.62
  340.14,    0.61
  340.40,    0.60
  340.66,    0.60
  340.92,    0.59
  341.18,    0.59
  341.44,    0.58
  341.70,    0.58
  341.96,    0.58
  342.22,    0.58
  342.48,    0.59
  342.74,    0.59
  343.00,    0.60
  343.26,    0.60
  343.52,    0.61
  343.78,    0.62
  344.04,    0.63
  344.30,    0.64
  344.56,    0.65
  344.82,    0.67
  345.08,    0.69
  345.34,    0.71
  345.60,    0.73
  345.85,    0.75
  346.11,    0.78
  346.37,    0.80
  346.63,    0.82
  346.89,    0.85
  347.15,    0.87
  347.41,    0.89
  347.67,    0.92
  347.93,    0.94
  348.19,    0.96
  348.45,    0.98
  348.71,    1.00
  348.97,    1.02
  349.23,    1.05
  349.48,    1.07
  349.74,    1.09
  350.00,    1.11
  350.26,    1.14
  350.52,    1.16
  350.78,    1.18
  351.04,    1.20
  351.30,    1.22
  351.56,    1.24
  351.82,    1.25
  352.07,    1.25
  352.33,    1.25
  352.59,    1.25
  352.85,    1.23
  353.11,    1.22
  353.37,    1.20
  353.63,    1.17
  353.89,    1.15
  354.15,    1.12
  354.40,    1.09
  354.66,    1.06
  354.92,    1.03
  355.18,    1.01
  355.44,    0.98
  355.70,    0.95
  355.96,    0.92
  356.22,    0.90
  356.47,    0.87
  356.73,    0.85
  356.99,    0.83
  357.25,    0.81
  357.51,    0.80
  357.77,    0.78
  358.03,    0.77
  358.28,    0.76
  358.54,    0.75
  358.80,    0.75
  359.06,    0.74
  359.32,    0.74
  359.58,    0.74
  359.84,    0.75
  360.09,    0.75
  360.35,    0.76
  360.61,    0.76
  360.87,    0.77
  361.13,    0.79
  361.39,    0.81
  361.64,    0.83
  361.90,    0.85
  362.16,    0.88
  362.42,    0.91
  362.68,    0.94
  362.94,    0.97
  363.19,    1.01
  363.45,    1.05
  363.71,    1.08
  363.97,    1.11
  364.23,    1.14
  364.48,    1.17
  364.74,    1.19
  365.00,    1.21
  365.26,    1.24
  365.52,    1.25
  365.78,    1.26
  366.03,    1.28
  366.29,    1.29
  366.55,    1.32
  366.81,    1.34
  367.07,    1.37
  367.32,    1.40
  367.58,    1.42
  367.84,    1.44
  368.10,    1.47
  368.35,    1.50
  368.61,    1.53
  368.87,    1.55
  369.13,    1.56
  369.39,    1.56
  369.64,    1.55
  369.90,    1.54
  370.16,    1.53
  370.42,    1.51
  370.67,    1.49
  370.93,    1.45
  371.19,    1.42
  371.45,    1.37
  371.71,    1.32
  371.96,    1.27
  372.22,    1.22
  372.48,    1.17
  372.74,    1.12
  372.99,    1.06
  373.25,    1.01
  373.51,    0.96
  373.77,    0.91
  374.02,    0.86
  374.28,    0.82
  374.54,    0.78
  374.80,    0.74
  375.05,    0.71
  375.31,    0.68
  375.57,    0.65
  375.83,    0.63
  376.08,    0.61
  376.34,    0.59
  376.60,    0.58
  376.85,    0.56
  377.11,    0.55
  377.37,    0.54
  377.63,    0.53
  377.88,    0.52
  378.14,    0.52
  378.40,    0.52
  378.66,    0.51
  378.91,    0.52
  379.17,    0.52
  379.43,    0.53
  379.68,    0.54
  379.94,    0.55
  380.20,    0.56
  380.46,    0.58
  380.71,    0.60
  380.97,    0.62
  381.23,    0.65
  381.48,    0.68
  381.74,    0.71
  382.00,    0.74
  382.25,    0.77
  382.51,    0.80
  382.77,    0.83
  383.02,    0.86
  383.28,    0.88
  383.54,    0.91
  383.80,    0.92
  384.05,    0.94
  384.31,    0.96
  384.57,    0.98
  384.82,    1.00
  385.08,    1.02
  385.34,    1.04
  385.59,    1.07
  385.85,    1.10
  386.11,    1.13
  386.36,    1.16
  386.62,    1.20
  386.88,    1.24
  387.13,    1.27
  387.39,    1.31
  387.65,    1.35
  387.90,    1.38
  388.16,    1.40
  388.42,    1.41
  388.67,    1.41
  388.93,    1.41
  389.18,    1.42
  389.44,    1.38
  389.70,    1.36
  389.95,    1.32
  390.21,    1.27
  390.47,    1.21
  390.72,    1.14
  390.98,    1.08
  391.24,    1.01
  391.49,    0.94
  391.75,    0.86
  392.00,    0.79
  392.26,    0.73
  392.52,    0.67
  392.77,    0.61
  393.03,    0.56
  393.29,    0.51
  393.54,    0.46
  393.80,    0.42
  394.05,    0.39
  394.31,    0.35
  394.57,    0.33
  394.82,    0.30
  395.08,    0.27
  395.33,    0.25
  395.59,    0.23
  395.85,    0.22
  396.10,    0.20
  396.36,    0.18
  396.61,    0.17
  396.87,    0.16
  397.13,    0.15
  397.38,    0.14
  397.64,    0.13
  397.89,    0.12
  398.15,    0.11
  398.41,    0.10
  398.66,    0.10
  398.92,    0.09
  399.17,    0.09
  399.43,    0.08
  399.68,    0.08
  399.94,    0.08
  400.20,    0.07
  400.45,    0.07
  400.71,    0.07
  400.96,    0.07
  401.22,    0.06
  401.47,    0.06
  401.73,    0.06
  401.99,    0.06
  402.24,    0.06
  402.50,    0.06
  402.75,    0.06
  403.01,    0.06
  403.26,    0.06
  403.52,    0.06
  403.77,    0.05
  404.03,    0.05
  404.29,    0.05
  404.54,    0.05
  404.80,    0.05
  405.05,    0.05
  405.31,    0.05
  405.56,    0.05
  405.82,    0.05
  406.07,    0.05
  406.33,    0.05
  406.58,    0.05
  406.84,    0.05
  407.09,    0.05
  407.35,    0.05
  407.60,    0.05
  407.86,    0.05
  408.11,    0.05
  408.37,    0.05
  408.63,    0.05
  408.88,    0.05
  409.14,    0.05
  409.39,    0.05
  409.65,    0.05
  409.90,    0.05
  410.16,    0.05
  410.41,    0.05
  410.67,    0.05
  410.92,    0.05
  411.18,    0.05
  411.43,    0.05
  411.69,    0.04
  411.94,    0.04
  412.20,    0.04
  412.45,    0.04
  412.71,    0.04
  412.96,    0.04
  413.21,    0.04
  413.47,    0.04
  413.72,    0.04
  413.98,    0.04
  414.23,    0.04
  414.49,    0.04
  414.74,    0.04
  415.00,    0.04
  415.25,    0.04
  415.51,    0.04
  415.76,    0.04
  416.02,    0.04
  416.27,    0.04
  416.53,    0.04
  416.78,    0.04
  417.04,    0.04
  417.29,    0.04
  417.54,    0.04
  417.80,    0.04
  418.05,    0.04
  418.31,    0.04
  418.56,    0.04
  418.82,    0.04
  419.07,    0.04
  419.33,    0.04
  419.58,    0.04
  419.83,    0.04
  420.09,    0.04
  420.34,    0.05
  420.60,    0.04
  420.85,    0.05
  421.11,    0.05
  421.36,    0.04
  421.61,    0.04
  421.87,    0.04
  422.12,    0.04
  422.38,    0.04
  422.63,    0.04
  422.89,    0.04
  423.14,    0.04
  423.39,    0.04
  423.65,    0.04
  423.90,    0.04
  424.16,    0.04
  424.41,    0.04
  424.66,    0.04
  424.92,    0.04
  425.17,    0.04
  425.43,    0.04
  425.68,    0.04
  425.93,    0.04
  426.19,    0.04
  426.44,    0.04
  426.70,    0.04
  426.95,    0.04
  427.20,    0.04
  427.46,    0.04
  427.71,    0.04
  427.97,    0.04
  428.22,    0.04
  428.47,    0.04
  428.73,    0.04
  428.98,    0.04
  429.23,    0.04
  429.49,    0.04
  429.74,    0.04
  430.00,    0.04
  430.25,    0.04
  430.50,    0.04
  430.76,    0.04
  431.01,    0.04
  431.26,    0.04
  431.52,    0.04
  431.77,    0.04
  432.02,    0.04
  432.28,    0.04
  432.53,    0.04
  432.78,    0.04
  433.04,    0.04
  433.29,    0.04
  433.54,    0.04
  433.80,    0.04
  434.05,    0.04
  434.31,    0.04
  434.56,    0.04
  434.81,    0.04
  435.07,    0.04
  435.32,    0.04
  435.57,    0.04
  435.82,    0.04
  436.08,    0.04
  436.33,    0.04
  436.58,    0.04
  436.84,    0.04
  437.09,    0.04
  437.34,    0.04
  437.60,    0.04
  437.85,    0.04
  438.10,    0.04
  438.36,    0.04
  438.61,    0.04
  438.86,    0.04
  439.12,    0.04
  439.37,    0.04
  439.62,    0.04
  439.88,    0.04
  440.13,    0.04
  440.38,    0.04
  440.63,    0.04
  440.89,    0.04
  441.14,    0.04
  441.39,    0.04
  441.65,    0.04
  441.90,    0.04
  442.15,    0.04
  442.40,    0.04
  442.66,    0.04
  442.91,    0.04
  443.16,    0.04
  443.42,    0.04
  443.67,    0.04
  443.92,    0.04
  444.17,    0.04
  444.43,    0.04
  444.68,    0.04
  444.93,    0.04
  445.18,    0.04
  445.44,    0.04
  445.69,    0.04
  445.94,    0.04
  446.19,    0.04
  446.45,    0.04
  446.70,    0.04
  446.95,    0.04
  447.20,    0.04
  447.46,    0.04
  447.71,    0.04
  447.96,    0.04
  448.21,    0.04
  448.47,    0.04
  448.72,    0.04
  448.97,    0.04
  449.22,    0.04
  449.48,    0.04
  449.73,    0.04
  449.98,    0.04
  450.23,    0.04
  450.49,    0.04
  450.74,    0.04
  450.99,    0.04
  451.24,    0.04
  451.49,    0.04
  451.75,    0.04
  452.00,    0.04
  452.25,    0.04
  452.50,    0.04
  452.76,    0.04
  453.01,    0.04
  453.26,    0.04
  453.51,    0.04
  453.76,    0.04
  454.02,    0.04
  454.27,    0.04
  454.52,    0.04
  454.77,    0.04
  455.02,    0.04
  455.28,    0.04
  455.53,    0.04
  455.78,    0.04
  456.03,    0.04
  456.28,    0.04
  456.53,    0.04
  456.79,    0.03
  457.04,    0.03
  457.29,    0.03
  457.54,    0.03
  457.79,    0.03
  458.05,    0.03
  458.30,    0.03
  458.55,    0.03
  458.80,    0.03
  459.05,    0.03
  459.30,    0.03
  459.56,    0.03
  459.81,    0.03
  460.06,    0.03
  460.31,    0.03
  460.56,    0.03
  460.81,    0.03
  461.07,    0.03
  461.32,    0.03
  461.57,    0.03
  461.82,    0.03
  462.07,    0.03
  462.32,    0.03
  462.57,    0.03
  462.83,    0.03
  463.08,    0.03
  463.33,    0.03
  463.58,    0.03
  463.83,    0.03
  464.08,    0.03
  464.33,    0.03
  464.59,    0.03
  464.84,    0.03
  465.09,    0.03
  465.34,    0.03
  465.59,    0.03
  465.84,    0.03
  466.09,    0.03
  466.34,    0.03
  466.59,    0.03
  466.85,    0.03
  467.10,    0.03
  467.35,    0.03
  467.60,    0.03
  467.85,    0.03
  468.10,    0.03
  468.35,    0.03
  468.60,    0.03
  468.85,    0.03
  469.11,    0.03
  469.36,    0.03
  469.61,    0.03
  469.86,    0.03
  470.11,    0.03
  470.36,    0.03
  470.61,    0.03
  470.86,    0.03
  471.11,    0.03
  471.36,    0.03
  471.61,    0.03
  471.87,    0.03
  472.12,    0.03
  472.37,    0.03
  472.62,    0.03
  472.87,    0.03
  473.12,    0.03
  473.37,    0.03
  473.62,    0.03
  473.87,    0.03
  474.12,    0.03
  474.37,    0.03
  474.62,    0.03
  474.87,    0.03
  475.12,    0.03
  475.37,    0.03
  475.62,    0.03
  475.88,    0.03
  476.13,    0.03
  476.38,    0.03
  476.63,    0.03
  476.88,    0.03
  477.13,    0.03
  477.38,    0.03
  477.63,    0.03
  477.88,    0.03
  478.13,    0.03
  478.38,    0.03
  478.63,    0.03
  478.88,    0.03
  479.13,    0.03
  479.38,    0.03
  479.63,    0.03
  479.88,    0.03
  480.13,    0.03
  480.38,    0.03
  480.63,    0.03
  480.88,    0.03
  481.13,    0.03
  481.38,    0.03
  481.63,    0.03
  481.88,    0.03
  482.13,    0.03
  482.38,    0.03
  482.63,    0.03
  482.88,    0.03
  483.13,    0.03
  483.38,    0.03
  483.63,    0.03
  483.88,    0.03
  484.13,    0.03
  484.38,    0.03
  484.63,    0.03
  484.88,    0.03
  485.13,    0.03
  485.38,    0.03
  485.63,    0.03
  485.88,    0.03
  486.13,    0.03
  486.38,    0.03
  486.63,    0.02
  486.88,    0.02
  487.13,    0.02
  487.38,    0.02
  487.63,    0.03
  487.88,    0.03
  488.13,    0.03
  488.38,    0.03
  488.63,    0.03
  488.88,    0.03
  489.13,    0.03
  489.38,    0.03
  489.63,    0.03
  489.88,    0.03
  490.13,    0.03
  490.38,    0.03
  490.63,    0.03
  490.87,    0.03
  491.12,    0.02
  491.37,    0.02
  491.62,    0.02
  491.87,    0.02
  492.12,    0.02
  492.37,    0.02
  492.62,    0.02
  492.87,    0.02
  493.12,    0.02
  493.37,    0.02
  493.62,    0.02
  493.87,    0.02
  494.12,    0.02
  494.37,    0.02
  494.61,    0.02
  494.86,    0.02
  495.11,    0.02
  495.36,    0.02
  495.61,    0.02
  495.86,    0.02
  496.11,    0.02
  496.36,    0.02
  496.61,    0.02
  496.86,    0.02
  497.11,    0.02
  497.35,    0.02
  497.60,    0.02
  497.85,    0.02
  498.10,    0.02
  498.35,    0.02
  498.60,    0.02
  498.85,    0.02
  499.10,    0.02
  499.35,    0.02
  499.60,    0.02
  499.84,    0.02
  500.09,    0.02
  500.34,    0.02
  500.59,    0.02
  500.84,    0.02
  501.09,    0.02
  501.34,    0.02
  501.59,    0.02
  501.83,    0.02
  502.08,    0.02
  502.33,    0.02
  502.58,    0.02
  502.83,    0.02
  503.08,    0.02
  503.33,    0.02
  503.57,    0.02
  503.82,    0.02
  504.07,    0.02
  504.32,    0.02
  504.57,    0.02
  504.82,    0.02
  505.07,    0.02
  505.31,    0.02
  505.56,    0.02
  505.81,    0.02
  506.06,    0.02
  506.31,    0.02
  506.56,    0.02
  506.80,    0.02
  507.05,    0.02
  507.30,    0.02
  507.55,    0.02
  507.80,    0.02
  508.05,    0.02
  508.29,    0.02
  508.54,    0.02
  508.79,    0.02
  509.04,    0.02
  509.29,    0.02
  509.54,    0.02
  509.78,    0.02
  510.03,    0.02
  510.28,    0.02
  510.53,    0.02
  510.78,    0.02
  511.02,    0.02
  511.27,    0.02
  511.52,    0.02
  511.77,    0.02
  512.02,    0.02
  512.26,    0.02
  512.51,    0.02
  512.76,    0.02
  513.01,    0.02
  513.26,    0.02
  513.50,    0.02
  513.75,    0.02
  514.00,    0.02
  514.25,    0.02
  514.50,    0.02
  514.74,    0.02
  514.99,    0.02
  515.24,    0.02
  515.49,    0.02
  515.73,    0.02
  515.98,    0.02
  516.23,    0.02
  516.48,    0.02
  516.72,    0.02
  516.97,    0.02
  517.22,    0.02
  517.47,    0.02
  517.72,    0.02
  517.96,    0.02
  518.21,    0.02
  518.46,    0.02
  518.71,    0.02
  518.95,    0.01
  519.20,    0.01
  519.45,    0.02
  519.70,    0.02
  519.94,    0.02
  520.19,    0.02
  520.44,    0.01
  520.68,    0.02
  520.93,    0.02
  521.18,    0.02
  521.43,    0.02
  521.67,    0.02
  521.92,    0.01
  522.17,    0.02
  522.42,    0.02
  522.66,    0.01
  522.91,    0.01
  523.16,    0.01
  523.40,    0.01
  523.65,    0.01
  523.90,    0.01
  524.15,    0.01
  524.39,    0.01
  524.64,    0.01
  524.89,    0.01
  525.13,    0.01
  525.38,    0.01
  525.63,    0.01
  525.88,    0.01
  526.12,    0.01
  526.37,    0.01
  526.62,    0.01
  526.86,    0.01
  527.11,    0.01
  527.36,    0.01
  527.60,    0.01
  527.85,    0.01
  528.10,    0.01
  528.35,    0.01
  528.59,    0.01
  528.84,    0.01
  529.09,    0.01
  529.33,    0.01
  529.58,    0.01
  529.83,    0.02
  530.07,    0.02
  530.32,    0.01
  530.57,    0.02
  530.81,    0.02
  531.06,    0.02
  531.31,    0.01
  531.55,    0.01
  531.80,    0.01
  532.05,    0.01
  532.29,    0.01
  532.54,    0.01
  532.79,    0.01
  533.03,    0.01
  533.28,    0.01
  533.52,    0.01
  533.77,    0.01
  534.02,    0.01
  534.26,    0.01
  534.51,    0.01
  534.76,    0.01
  535.00,    0.01
  535.25,    0.01
  535.50,    0.01
  535.74,    0.01
  535.99,    0.01
  536.23,    0.01
  536.48,    0.01
  536.73,    0.01
  536.97,    0.01
  537.22,    0.01
  537.47,    0.01
  537.71,    0.01
  537.96,    0.01
  538.20,    0.01
  538.45,    0.01
  538.70,    0.01
  538.94,    0.01
  539.19,    0.01
  539.44,    0.01
  539.68,    0.01
  539.93,    0.01
  540.17,    0.01
  540.42,    0.01
  540.67,    0.01
  540.91,    0.01
  541.16,    0.01
  541.40,    0.01
  541.65,    0.01
  541.89,    0.01
  542.14,    0.01
  542.39,    0.01
  542.63,    0.01
  542.88,    0.01
  543.12,    0.01
  543.37,    0.01
  543.62,    0.01
  543.86,    0.01
  544.11,    0.01
  544.35,    0.01
  544.60,    0.01
  544.84,    0.01
  545.09,    0.01
  545.34,    0.01
  545.58,    0.01
  545.83,    0.01
  546.07,    0.01
  546.32,    0.01
  546.56,    0.01
  546.81,    0.01
  547.05,    0.01
  547.30,    0.01
  547.55,    0.01
  547.79,    0.01
  548.04,    0.01
  548.28,    0.01
  548.53,    0.01
  548.77,    0.01
  549.02,    0.01
  549.26,    0.01
  549.51,    0.01
  549.75,    0.01
  550.00,    0.01
  550.24,    0.01
  550.49,    0.01
  550.74,    0.01
  550.98,    0.01
  551.23,    0.01
  551.47,    0.01
  551.72,    0.01
  551.96,    0.01
  552.21,    0.01
  552.45,    0.01
  552.70,    0.01
  552.94,    0.01
  553.19,    0.01
  553.43,    0.01
  553.68,    0.01
  553.92,    0.01
  554.17,    0.01
  554.41,    0.01
  554.66,    0.01
  554.90,    0.01
  555.15,    0.01
  555.39,    0.01
  555.64,    0.01
  555.88,    0.01
  556.13,    0.01
  556.37,    0.01
  556.62,    0.01
  556.86,    0.01
  557.11,    0.01
  557.35,    0.01
  557.60,    0.01
  557.84,    0.01
  558.08,    0.01
  558.33,    0.01
  558.57,    0.01
  558.82,    0.01
  559.06,    0.01
  559.31,    0.01
  559.55,    0.01
  559.80,    0.01
  560.04,    0.01
  560.29,    0.01
  560.53,    0.01
  560.78,    0.01
  561.02,    0.01
  561.27,    0.01
  561.51,    0.01
  561.75,    0.01
  562.00,    0.01
  562.24,    0.01
  562.49,    0.01
  562.73,    0.01
  562.98,    0.01
  563.22,    0.01
  563.46,    0.01
  563.71,    0.01
  563.95,    0.01
  564.20,    0.01
  564.44,    0.01
  564.69,    0.01
  564.93,    0.01
  565.17,    0.01
  565.42,    0.01
  565.66,    0.01
  565.91,    0.01
  566.15,    0.01
  566.40,    0.01
  566.64,    0.01
  566.88,    0.01
  567.13,    0.01
  567.37,    0.01
  567.62,    0.01
  567.86,    0.01
  568.10,    0.01
  568.35,    0.01
  568.59,    0.01
  568.84,    0.01
  569.08,    0.01
  569.32,    0.01
  569.57,    0.01
  569.81,    0.01
  570.06,    0.01
  570.30,    0.01
  570.54,    0.01
  570.79,    0.01
  571.03,    0.01
  571.28,    0.01
  571.52,    0.01
  571.76,    0.01
  572.01,    0.01
  572.25,    0.01
  572.49,    0.01
  572.74,    0.01
  572.98,    0.01
  573.22,    0.01
  573.47,    0.01
  573.71,    0.01
  573.96,    0.01
  574.20,    0.01
  574.44,    0.01
  574.69,    0.01
  574.93,    0.01
  575.17,    0.01
  575.42,    0.02
  575.66,    0.02
  575.90,    0.01
  576.15,    0.01
  576.39,    0.01
  576.63,    0.01
  576.88,    0.01
  577.12,    0.01
  577.36,    0.01
  577.61,    0.01
  577.85,    0.01
  578.09,    0.01
  578.34,    0.01
  578.58,    0.01
  578.82,    0.01
  579.07,    0.01
  579.31,    0.01
  579.55,    0.01
  579.80,    0.01
  580.04,    0.01
  580.28,    0.01
  580.53,    0.01
  580.77,    0.01
  581.01,    0.01
  581.26,    0.01
  581.50,    0.02
  581.74,    0.02
  581.99,    0.02
  582.23,    0.02
  582.47,    0.02
  582.71,    0.02
  582.96,    0.02
  583.20,    0.02
  583.44,    0.02
  583.69,    0.02
  583.93,    0.02
  584.17,    0.02
  584.41,    0.02
  584.66,    0.02
  584.90,    0.02
  585.14,    0.02
  585.39,    0.02
  585.63,    0.02
  585.87,    0.02
  586.11,    0.02
  586.36,    0.02
  586.60,    0.02
  586.84,    0.02
  587.08,    0.02
  587.33,    0.02
  587.57,    0.02
  587.81,    0.02
  588.06,    0.02
  588.30,    0.02
  588.54,    0.02
  588.78,    0.02
  589.03,    0.02
  589.27,    0.02
  589.51,    0.02
  589.75,    0.02
  590.00,    0.02
  590.24,    0.02
  590.48,    0.02
  590.72,    0.02
  590.97,    0.02
  591.21,    0.02
  591.45,    0.02
  591.69,    0.02
  591.93,    0.02
  592.18,    0.02
  592.42,    0.02
  592.66,    0.02
  592.90,    0.02
  593.15,    0.02
  593.39,    0.02
  593.63,    0.02
  593.87,    0.02
  594.11,    0.02
  594.36,    0.02
  594.60,    0.02
  594.84,    0.02
  595.08,    0.02
  595.33,    0.02
  595.57,    0.02
  595.81,    0.02
  596.05,    0.02
  596.29,    0.02
  596.54,    0.02
  596.78,    0.02
  597.02,    0.02
  597.26,    0.02
  597.50,    0.02
  597.75,    0.02
  597.99,    0.02
  598.23,    0.02
  598.47,    0.02
  598.71,    0.02
  598.95,    0.02
  599.20,    0.02
  599.44,    0.02
  599.68,    0.02
  599.92,    0.02
  600.16,    0.02
  600.40,    0.02
  600.65,    0.02
  600.89,    0.02
  601.13,    0.02
  601.37,    0.02
  601.61,    0.02
  601.85,    0.02
  602.10,    0.02
  602.34,    0.02
  602.58,    0.02
  602.82,    0.02
  603.06,    0.02
  603.30,    0.02
  603.55,    0.02
  603.79,    0.02
  604.03,    0.02
  604.27,    0.02
  604.51,    0.02
  604.75,    0.02
  604.99,    0.02
  605.24,    0.02
  605.48,    0.02
  605.72,    0.02
  605.96,    0.02
  606.20,    0.02
  606.44,    0.02
  606.68,    0.02
  606.92,    0.02
  607.17,    0.02
  607.41,    0.02
  607.65,    0.02
  607.89,    0.02
  608.13,    0.02
  608.37,    0.02
  608.61,    0.02
  608.85,    0.02
  609.09,    0.02
  609.34,    0.02
  609.58,    0.02
  609.82,    0.02
  610.06,    0.02
  610.30,    0.02
  610.54,    0.02
  610.78,    0.02
  611.02,    0.02
  611.26,    0.02
  611.50,    0.02
  611.75,    0.02
  611.99,    0.02
  612.23,    0.02
  612.47,    0.02
  612.71,    0.02
  612.95,    0.02
  613.19,    0.02
  613.43,    0.02
  613.67,    0.02
  613.91,    0.02
  614.15,    0.02
  614.39,    0.02
  614.64,    0.02
  614.88,    0.02
  615.12,    0.02
  615.36,    0.02
  615.60,    0.02
  615.84,    0.02
  616.08,    0.02
  616.32,    0.02
  616.56,    0.02
  616.80,    0.02
  617.04,    0.02
  617.28,    0.02
  617.52,    0.02
  617.76,    0.02
  618.00,    0.02
  618.24,    0.02
  618.48,    0.02
  618.72,    0.02
  618.96,    0.02
  619.20,    0.02
  619.45,    0.02
  619.69,    0.02
  619.93,    0.02
  620.17,    0.02
  620.41,    0.02
  620.65,    0.02
  620.89,    0.02
  621.13,    0.02
  621.37,    0.02
  621.61,    0.02
  621.85,    0.02
  622.09,    0.02
  622.33,    0.02
  622.57,    0.02
  622.81,    0.02
  623.05,    0.02
  623.29,    0.02
  623.53,    0.02
  623.77,    0.02
  624.01,    0.02
  624.25,    0.02
  624.49,    0.02
  624.73,    0.02
  624.97,    0.02
  625.21,    0.02
  625.45,    0.02
  625.69,    0.02
  625.93,    0.02
  626.17,    0.02
  626.41,    0.02
  626.65,    0.02
  626.89,    0.02
  627.13,    0.02
  627.37,    0.02
  627.61,    0.02
  627.85,    0.02
  628.09,    0.02
  628.33,    0.02
  628.57,    0.02
  628.80,    0.02
  629.04,    0.02
  629.28,    0.02
  629.52,    0.02
  629.76,    0.02
  630.00,    0.02
  630.24,    0.02
  630.48,    0.02
  630.72,    0.02
  630.96,    0.02
  631.20,    0.02
  631.44,    0.02
  631.68,    0.02
  631.92,    0.02
  632.16,    0.02
  632.40,    0.02
  632.64,    0.02
  632.88,    0.02
  633.12,    0.02
  633.36,    0.02
  633.59,    0.02
  633.83,    0.02
  634.07,    0.02
  634.31,    0.02
  634.55,    0.02
  634.79,    0.02
  635.03,    0.02
  635.27,    0.02
  635.51,    0.02
  635.75,    0.02
  635.99,    0.02
  636.23,    0.02
  636.46,    0.02
  636.70,    0.02
  636.94,    0.02
  637.18,    0.02
  637.42,    0.02
  637.66,    0.02
  637.90,    0.02
  638.14,    0.02
  638.38,    0.02
  638.62,    0.02
  638.85,    0.02
  639.09,    0.02
  639.33,    0.02
  639.57,    0.02
  639.81,    0.02
  640.05,    0.02
  640.29,    0.02
  640.53,    0.02
  640.77,    0.02
  641.00,    0.02
  641.24,    0.02
  641.48,    0.02
  641.72,    0.02
  641.96,    0.02
  642.20,    0.02
  642.44,    0.02
  642.68,    0.02
  642.91,    0.02
  643.15,    0.02
  643.39,    0.02
  643.63,    0.02
  643.87,    0.02
  644.11,    0.02
  644.35,    0.02
  644.58,    0.02
  644.82,    0.02
  645.06,    0.02
  645.30,    0.02
  645.54,    0.03
  645.78,    0.03
  646.01,    0.02
  646.25,    0.02
  646.49,    0.02
  646.73,    0.02
  646.97,    0.02
  647.21,    0.02
  647.44,    0.02
  647.68,    0.02
  647.92,    0.02
  648.16,    0.02
  648.40,    0.02
  648.64,    0.02
  648.87,    0.02
  649.11,    0.02
  649.35,    0.02
  649.59,    0.02
  649.83,    0.02
  650.06,    0.02
  650.30,    0.02
  650.54,    0.03
  650.78,    0.02
  651.02,    0.03
  651.26,    0.03
  651.49,    0.03
  651.73,    0.03
  651.97,    0.03
  652.21,    0.03
  652.45,    0.03
  652.68,    0.03
  652.92,    0.03
  653.16,    0.03
  653.40,    0.03
  653.63,    0.03
  653.87,    0.03
  654.11,    0.03
  654.35,    0.03
  654.59,    0.03
  654.82,    0.03
  655.06,    0.03
  655.30,    0.03
  655.54,    0.03
  655.77,    0.03
  656.01,    0.03
  656.25,    0.03
  656.49,    0.03
  656.73,    0.03
  656.96,    0.03
  657.20,    0.03
  657.44,    0.03
  657.68,    0.03
  657.91,    0.03
  658.15,    0.03
  658.39,    0.03
  658.63,    0.03
  658.86,    0.03
  659.10,    0.03
  659.34,    0.03
  659.58,    0.03
  659.81,    0.03
  660.05,    0.03
  660.29,    0.03
  660.52,    0.03
  660.76,    0.03
  661.00,    0.03
  661.24,    0.03
  661.47,    0.03
  661.71,    0.03
  661.95,    0.03
  662.19,    0.03
  662.42,    0.03
  662.66,    0.03
  662.90,    0.03
  663.13,    0.03
  663.37,    0.03
  663.61,    0.03
  663.85,    0.03
  664.08,    0.03
  664.32,    0.03
  664.56,    0.03
  664.79,    0.03
  665.03,    0.03
  665.27,    0.03
  665.50,    0.03
  665.74,    0.03
  665.98,    0.03
  666.22,    0.03
  666.45,    0.03
  666.69,    0.03
  666.93,    0.03
  667.16,    0.03
  667.40,    0.03
  667.64,    0.03
  667.87,    0.03
  668.11,    0.03
  668.35,    0.03
  668.58,    0.03
  668.82,    0.03
  669.06,    0.03
  669.29,    0.03
  669.53,    0.03
  669.77,    0.03
  670.00,    0.03
  670.24,    0.03
  670.48,    0.03
  670.71,    0.03
  670.95,    0.03
  671.19,    0.03
  671.42,    0.03
  671.66,    0.03
  671.90,    0.03
  672.13,    0.03
  672.37,    0.03
  672.61,    0.03
  672.84,    0.03
  673.08,    0.03
  673.32,    0.03
  673.55,    0.03
  673.79,    0.03
  674.02,    0.03
  674.26,    0.03
  674.50,    0.03
  674.73,    0.03
  674.97,    0.03
  675.21,    0.03
  675.44,    0.03
  675.68,    0.03
  675.91,    0.03
  676.15,    0.03
  676.39,    0.03
  676.62,    0.03
  676.86,    0.03
  677.10,    0.03
  677.33,    0.03
  677.57,    0.03
  677.80,    0.03
  678.04,    0.03
  678.28,    0.03
  678.51,    0.03
  678.75,    0.03
  678.98,    0.03
  679.22,    0.03
  679.46,    0.03
  679.69,    0.03
  679.93,    0.03
  680.16,    0.03
  680.40,    0.03
  680.64,    0.03
  680.87,    0.03
  681.11,    0.03
  681.34,    0.03
  681.58,    0.03
  681.81,    0.03
  682.05,    0.03
  682.29,    0.03
  682.52,    0.03
  682.76,    0.03
  682.99,    0.03
  683.23,    0.03
  683.46,    0.03
  683.70,    0.03
  683.94,    0.03
  684.17,    0.03
  684.41,    0.03
  684.64,    0.03
  684.88,    0.03
  685.11,    0.03
  685.35,    0.03
  685.58,    0.03
  685.82,    0.03
  686.06,    0.03
  686.29,    0.03
  686.53,    0.03
  686.76,    0.03
  687.00,    0.03
  687.23,    0.03
  687.47,    0.03
  687.70,    0.03
  687.94,    0.03
  688.17,    0.03
  688.41,    0.03
  688.64,    0.03
  688.88,    0.03
  689.12,    0.03
  689.35,    0.03
  689.59,    0.03
  689.82,    0.03
  690.06,    0.03
  690.29,    0.03
  690.53,    0.03
  690.76,    0.03
  691.00,    0.03
  691.23,    0.03
  691.47,    0.03
  691.70,    0.03
  691.94,    0.03
  692.17,    0.03
  692.41,    0.03
  692.64,    0.03
  692.88,    0.03
  693.11,    0.03
  693.35,    0.03
  693.58,    0.03
  693.82,    0.03
  694.05,    0.03
  694.29,    0.03
  694.52,    0.03
  694.76,    0.03
  694.99,    0.03
  695.23,    0.03
  695.46,    0.03
  695.69,    0.03
  695.93,    0.03
  696.16,    0.03
  696.40,    0.03
  696.63,    0.03
  696.87,    0.03
  697.10,    0.03
  697.34,    0.03
  697.57,    0.03
  697.81,    0.03
  698.04,    0.03
  698.28,    0.03
  698.51,    0.03
  698.75,    0.03
  698.98,    0.03
  699.21,    0.03
  699.45,    0.03
  699.68,    0.03
  699.92,    0.03
  700.15,    0.03
  700.39,    0.03
  700.62,    0.03
  700.86,    0.03
  701.09,    0.03
  701.32,    0.03
  701.56,    0.03
  701.79,    0.03
  702.03,    0.03
  702.26,    0.03
  702.50,    0.03
  702.73,    0.03
  702.96,    0.03
  703.20,    0.03
  703.43,    0.03
  703.67,    0.03
  703.90,    0.03
  704.13,    0.03
  704.37,    0.03
  704.60,    0.03
  704.84,    0.03
  705.07,    0.03
  705.30,    0.03
  705.54,    0.03
  705.77,    0.03
  706.01,    0.03
  706.24,    0.03
  706.47,    0.03
  706.71,    0.03
  706.94,    0.03
  707.18,    0.03
  707.41,    0.03
  707.64,    0.03
  707.88,    0.03
  708.11,    0.03
  708.35,    0.03
  708.58,    0.03
  708.81,    0.03
  709.05,    0.03
  709.28,    0.03
  709.51,    0.03
  709.75,    0.04
  709.98,    0.04
  710.22,    0.03
  710.45,    0.04
  710.68,    0.04
  710.92,    0.04
  711.15,    0.04
  711.38,    0.04
  711.62,    0.04
  711.85,    0.04
  712.08,    0.04
  712.32,    0.04
  712.55,    0.04
  712.79,    0.04
  713.02,    0.04
  713.25,    0.04
  713.49,    0.04
  713.72,    0.04
  713.95,    0.04
  714.19,    0.04
  714.42,    0.04
  714.65,    0.04
  714.89,    0.04
  715.12,    0.04
  715.35,    0.04
  715.59,    0.04
  715.82,    0.04
  716.05,    0.04
  716.29,    0.04
  716.52,    0.04
  716.75,    0.04
  716.98,    0.04
  717.22,    0.04
  717.45,    0.04
  717.68,    0.04
  717.92,    0.04
  718.15,    0.04
  718.38,    0.04
  718.62,    0.04
  718.85,    0.04
  719.08,    0.04
  719.32,    0.04
  719.55,    0.04
  719.78,    0.04
  720.01,    0.04
  720.25,    0.04
  720.48,    0.04
  720.71,    0.04
  720.95,    0.04
  721.18,    0.04
  721.41,    0.04
  721.64,    0.04
  721.88,    0.04
  722.11,    0.04
  722.34,    0.04
  722.58,    0.04
  722.81,    0.04
  723.04,    0.04
  723.27,    0.04
  723.51,    0.04
  723.74,    0.04
  723.97,    0.04
  724.20,    0.04
  724.44,    0.04
  724.67,    0.04
  724.90,    0.04
  725.13,    0.04
  725.37,    0.04
  725.60,    0.04
  725.83,    0.04
  726.06,    0.04
  726.30,    0.04
  726.53,    0.04
  726.76,    0.04
  726.99,    0.04
  727.23,    0.04
  727.46,    0.04
  727.69,    0.04
  727.92,    0.04
  728.16,    0.04
  728.39,    0.04
  728.62,    0.04
  728.85,    0.04
  729.09,    0.04
  729.32,    0.04
  729.55,    0.04
  729.78,    0.04
  730.01,    0.04
  730.25,    0.04
  730.48,    0.04
  730.71,    0.04
  730.94,    0.04
  731.18,    0.04
  731.41,    0.04
  731.64,    0.04
  731.87,    0.04
  732.10,    0.04
  732.34,    0.04
  732.57,    0.04
  732.80,    0.04
  733.03,    0.04
  733.26,    0.04
  733.50,    0.04
  733.73,    0.04
  733.96,    0.04
  734.19,    0.04
  734.42,    0.04
  734.65,    0.04
  734.89,    0.04
  735.12,    0.04
  735.35,    0.04
  735.58,    0.04
  735.81,    0.04
  736.05,    0.04
  736.28,    0.04
  736.51,    0.04
  736.74,    0.04
  736.97,    0.04
  737.20,    0.04
  737.44,    0.04
  737.67,    0.04
  737.90,    0.04
  738.13,    0.04
  738.36,    0.04
  738.59,    0.04
  738.83,    0.04
  739.06,    0.04
  739.29,    0.04
  739.52,    0.04
  739.75,    0.04
  739.98,    0.04
  740.21,    0.04
  740.45,    0.04
  740.68,    0.04
  740.91,    0.04
  741.14,    0.04
  741.37,    0.04
  741.60,    0.04
  741.83,    0.04
  742.06,    0.04
  742.30,    0.04
  742.53,    0.04
  742.76,    0.04
  742.99,    0.04
  743.22,    0.04
  743.45,    0.04
  743.68,    0.04
  743.91,    0.04
  744.15,    0.04
  744.38,    0.04
  744.61,    0.04
  744.84,    0.04
  745.07,    0.04
  745.30,    0.04
  745.53,    0.04
  745.76,    0.04
  745.99,    0.04
  746.23,    0.04
  746.46,    0.04
  746.69,    0.04
  746.92,    0.04
  747.15,    0.04
  747.38,    0.04
  747.61,    0.04
  747.84,    0.04
  748.07,    0.04
  748.30,    0.04
  748.53,    0.04
  748.76,    0.04
  749.00,    0.04
  749.23,    0.04
  749.46,    0.04
  749.69,    0.04
  749.92,    0.04
  750.15,    0.04
  750.38,    0.04
  750.61,    0.04
  750.84,    0.04
  751.07,    0.04
  751.30,    0.04
  751.53,    0.04
  751.76,    0.04
  751.99,    0.04
  752.22,    0.04
  752.46,    0.04
  752.69,    0.04
  752.92,    0.04
  753.15,    0.04
  753.38,    0.04
  753.61,    0.04
  753.84,    0.04
  754.07,    0.04
  754.30,    0.04
  754.53,    0.04
  754.76,    0.04
  754.99,    0.04
  755.22,    0.04
  755.45,    0.04
  755.68,    0.04
  755.91,    0.04
  756.14,    0.04
  756.37,    0.04
  756.60,    0.04
  756.83,    0.04
  757.06,    0.04
  757.29,    0.04
  757.52,    0.04
  757.75,    0.04
  757.98,    0.04
  758.21,    0.04
  758.44,    0.04
  758.67,    0.04
  758.90,    0.04
  759.13,    0.04
  759.36,    0.04
  759.59,    0.04
  759.82,    0.04
  760.05,    0.04
  760.28,    0.04
  760.51,    0.04
  760.74,    0.04
  760.97,    0.04
  761.20,    0.04
  761.43,    0.04
  761.66,    0.04
  761.89,    0.04
  762.12,    0.04
  762.35,    0.04
  762.58,    0.04
  762.81,    0.04
  763.04,    0.04
  763.27,    0.04
  763.50,    0.04
  763.73,    0.04
  763.96,    0.04
  764.19,    0.04
  764.42,    0.04
  764.65,    0.04
  764.88,    0.04
  765.11,    0.04
  765.34,    0.04
  765.57,    0.04
  765.79,    0.04
  766.02,    0.04
  766.25,    0.04
  766.48,    0.04
  766.71,    0.04
  766.94,    0.04
  767.17,    0.04
  767.40,    0.04
  767.63,    0.04
  767.86,    0.04
  768.09,    0.04
  768.32,    0.04
  768.55,    0.04
  768.78,    0.04
  769.01,    0.04
  769.24,    0.04
  769.46,    0.04
  769.69,    0.04
  769.92,    0.04
  770.15,    0.04
  770.38,    0.04
  770.61,    0.04
  770.84,    0.04
  771.07,    0.04
  771.30,    0.04
  771.53,    0.04
  771.76,    0.04
  771.98,    0.04
  772.21,    0.04
  772.44,    0.04
  772.67,    0.04
  772.90,    0.04
  773.13,    0.04
  773.36,    0.04
  773.59,    0.04
  773.82,    0.04
  774.05,    0.04
  774.27,    0.04
  774.50,    0.04
  774.73,    0.04
  774.96,    0.04
  775.19,    0.04
  775.42,    0.04
  775.65,    0.04
  775.88,    0.04
  776.10,    0.04
  776.33,    0.04
  776.56,    0.04
  776.79,    0.04
  777.02,    0.04
  777.25,    0.04
  777.48,    0.04
  777.71,    0.04
  777.93,    0.04
  778.16,    0.04
  778.39,    0.04
  778.62,    0.04
  778.85,    0.05
  779.08,    0.04
  779.30,    0.04
  779.53,    0.05
  779.76,    0.05
  779.99,    0.05
  780.22,    0.05
  780.45,    0.04
  780.68,    0.04
  780.90,    0.04
  781.13,    0.04
  781.36,    0.04
  781.59,    0.04
  781.82,    0.04
  782.05,    0.04
  782.27,    0.04
  782.50,    0.04
  782.73,    0.04
  782.96,    0.04
  783.19,    0.04
  783.41,    0.04
  783.64,    0.04
  783.87,    0.04
  784.10,    0.04
  784.33,    0.04
  784.55,    0.04
  784.78,    0.04
  785.01,    0.05
  785.24,    0.05
  785.47,    0.05
  785.69,    0.05
  785.92,    0.05
  786.15,    0.05
  786.38,    0.05
  786.61,    0.05
  786.83,    0.05
  787.06,    0.05
  787.29,    0.05
  787.52,    0.05
  787.75,    0.05
  787.97,    0.05
  788.20,    0.05
  788.43,    0.05
  788.66,    0.05
  788.88,    0.05
  789.11,    0.05
  789.34,    0.05
  789.57,    0.05
  789.80,    0.05
  790.02,    0.05
  790.25,    0.05
  790.48,    0.05
  790.71,    0.05
  790.93,    0.05
  791.16,    0.05
  791.39,    0.05
  791.62,    0.05
  791.84,    0.05
  792.07,    0.05
  792.30,    0.05
  792.53,    0.05
  792.75,    0.05
  792.98,    0.05
  793.21,    0.05
  793.44,    0.05
  793.66,    0.05
  793.89,    0.05
  794.12,    0.05
  794.35,    0.05
  794.57,    0.05
  794.80,    0.05
  795.03,    0.05
  795.25,    0.05
  795.48,    0.05
  795.71,    0.05
  795.94,    0.05
  796.16,    0.05
  796.39,    0.05
  796.62,    0.05
  796.84,    0.05
  797.07,    0.05
  797.30,    0.05
  797.53,    0.05
  797.75,    0.05
  797.98,    0.05
  798.21,    0.05
  798.43,    0.05
  798.66,    0.05
  798.89,    0.05
  799.12,    0.05
  799.34,    0.05
  799.57,    0.05
  799.80,    0.05
  800.02,    0.05
  800.25,    0.05
  800.48,    0.05
  800.70,    0.05
  800.93,    0.05
  801.16,    0.05
  801.38,    0.05
  801.61,    0.05
  801.84,    0.05
  802.06,    0.05
  802.29,    0.05
  802.52,    0.05
  802.74,    0.05
  802.97,    0.05
  803.20,    0.05
  803.42,    0.05
  803.65,    0.05
  803.88,    0.05
  804.10,    0.05
  804.33,    0.05
  804.56,    0.05
  804.78,    0.05
  805.01,    0.05
  805.24,    0.05
  805.46,    0.05
  805.69,    0.05
  805.92,    0.05
  806.14,    0.05
  806.37,    0.05
  806.60,    0.05
  806.82,    0.05
  807.05,    0.05
  807.27,    0.05
  807.50,    0.05
  807.73,    0.05
  807.95,    0.05
  808.18,    0.05
  808.41,    0.05
  808.63,    0.05
  808.86,    0.05
  809.08,    0.05
  809.31,    0.05
  809.54,    0.05
  809.76,    0.05
  809.99,    0.05
  810.22,    0.05
  810.44,    0.05
  810.67,    0.05
  810.89,    0.05
  811.12,    0.05
  811.35,    0.05
  811.57,    0.05
  811.80,    0.05
  812.02,    0.05
  812.25,    0.05
  812.48,    0.05
  812.70,    0.05
  812.93,    0.05
  813.15,    0.05
  813.38,    0.05
  813.60,    0.05
  813.83,    0.05
  814.06,    0.05
  814.28,    0.05
  814.51,    0.05
  814.73,    0.05
  814.96,    0.05
  815.19,    0.05
  815.41,    0.05
  815.64,    0.05
  815.86,    0.05
  816.09,    0.05
  816.31,    0.05
  816.54,    0.05
  816.76,    0.05
  816.99,    0.05
  817.22,    0.05
  817.44,    0.05
  817.67,    0.05
  817.89,    0.05
  818.12,    0.05
  818.34,    0.05
  818.57,    0.05
  818.79,    0.05
  819.02,    0.05
  819.25,    0.05
  819.47,    0.05
  819.70,    0.05
  819.92,    0.05
  820.15,    0.05
  820.37,    0.05
  820.60,    0.05
  820.82,    0.05
  821.05,    0.05
  821.27,    0.05
  821.50,    0.05
  821.72,    0.05
  821.95,    0.05
  822.17,    0.05
  822.40,    0.05
  822.62,    0.05
  822.85,    0.05
  823.07,    0.05
  823.30,    0.05
  823.52,    0.05
  823.75,    0.05
  823.97,    0.05
  824.20,    0.05
  824.42,    0.05
  824.65,    0.05
  824.87,    0.05
  825.10,    0.05
  825.32,    0.05
  825.55,    0.05
  825.77,    0.05
  826.00,    0.05
  826.22,    0.05
  826.45,    0.05
  826.67,    0.05
  826.90,    0.05
  827.12,    0.05
  827.35,    0.05
  827.57,    0.05
  827.80,    0.05
  828.02,    0.05
  828.25,    0.05
  828.47,    0.05
  828.70,    0.05
  828.92,    0.05
  829.15,    0.05
  829.37,    0.05
  829.60,    0.05
  829.82,    0.05
  830.04,    0.05
  830.27,    0.05
  830.49,    0.05
  830.72,    0.05
  830.94,    0.05
  831.17,    0.05
  831.39,    0.05
  831.62,    0.05
  831.84,    0.05
  832.07,    0.05
  832.29,    0.05
  832.51,    0.05
  832.74,    0.05
  832.96,    0.05
  833.19,    0.05
  833.41,    0.05
  833.64,    0.05
  833.86,    0.05
  834.08,    0.05
  834.31,    0.05
  834.53,    0.05
  834.76,    0.05
  834.98,    0.05
  835.21,    0.05
  835.43,    0.05
  835.65,    0.05
  835.88,    0.05
  836.10,    0.05
  836.33,    0.05
  836.55,    0.05
  836.77,    0.05
  837.00,    0.05
  837.22,    0.05
  837.45,    0.05
  837.67,    0.05
  837.89,    0.05
  838.12,    0.05
  838.34,    0.05
  838.57,    0.05
  838.79,    0.05
  839.01,    0.05
  839.24,    0.05
  839.46,    0.05
  839.69,    0.05
  839.91,    0.05
  840.13,    0.05
  840.36,    0.06
  840.58,    0.05
  840.80,    0.05
  841.03,    0.05
  841.25,    0.05
  841.48,    0.06
  841.70,    0.06
  841.92,    0.06
  842.15,    0.05
  842.37,    0.05
  842.59,    0.05
  842.82,    0.05
  843.04,    0.05
  843.26,    0.05
  843.49,    0.05
  843.71,    0.05
  843.93,    0.05
  844.16,    0.05
  844.38,    0.05
  844.60,    0.05
  844.83,    0.06
  845.05,    0.06
  845.28,    0.06
  845.50,    0.06
  845.72,    0.06
  845.95,    0.06
  846.17,    0.06
  846.39,    0.06
  846.62,    0.06
  846.84,    0.06
  847.06,    0.06
  847.28,    0.06
  847.51,    0.06
  847.73,    0.06
  847.95,    0.06
  848.18,    0.06
  848.40,    0.06
  848.62,    0.06
  848.85,    0.06
  849.07,    0.06
  849.29,    0.06
  849.52,    0.06
  849.74,    0.06
  849.96,    0.06
  850.19,    0.06
  850.41,    0.06
  850.63,    0.06
  850.85,    0.06
  851.08,    0.06
  851.30,    0.06
  851.52,    0.06
  851.75,    0.06
  851.97,    0.06
  852.19,    0.06
  852.41,    0.06
  852.64,    0.06
  852.86,    0.06
  853.08,    0.06
  853.31,    0.06
  853.53,    0.06
  853.75,    0.06
  853.97,    0.06
  854.20,    0.06
  854.42,    0.06
  854.64,    0.06
  854.86,    0.06
  855.09,    0.06
  855.31,    0.06
  855.53,    0.05
  855.76,    0.05
  855.98,    0.05
  856.20,    0.06
  856.42,    0.06
  856.65,    0.06
  856.87,    0.06
  857.09,    0.06
  857.31,    0.06
  857.54,    0.06
  857.76,    0.06
  857.98,    0.06
  858.20,    0.06
  858.42,    0.06
  858.65,    0.06
  858.87,    0.06
  859.09,    0.06
  859.31,    0.06
  859.54,    0.06
  859.76,    0.06
  859.98,    0.06
  860.20,    0.06
  860.43,    0.06
  860.65,    0.06
  860.87,    0.06
  861.09,    0.06
  861.31,    0.06
  861.54,    0.06
  861.76,    0.06
  861.98,    0.06
  862.20,    0.06
  862.42,    0.06
  862.65,    0.06
  862.87,    0.06
  863.09,    0.06
  863.31,    0.06
  863.53,    0.06
  863.76,    0.06
  863.98,    0.06
  864.20,    0.06
  864.42,    0.06
  864.64,    0.06
  864.87,    0.06
  865.09,    0.06
  865.31,    0.06
  865.53,    0.06
  865.75,    0.06
  865.97,    0.06
  866.20,    0.06
  866.42,    0.06
  866.64,    0.06
  866.86,    0.06
  867.08,    0.06
  867.31,    0.06
  867.53,    0.06
  867.75,    0.06
  867.97,    0.06
  868.19,    0.06
  868.41,    0.06
  868.63,    0.06
  868.86,    0.06
  869.08,    0.06
  869.30,    0.06
  869.52,    0.06
  869.74,    0.06
  869.96,    0.06
  870.19,    0.06
  870.41,    0.06
  870.63,    0.06
  870.85,    0.06
  871.07,    0.06
  871.29,    0.06
  871.51,    0.06
  871.73,    0.06
  871.96,    0.06
  872.18,    0.06
  872.40,    0.06
  872.62,    0.06
  872.84,    0.06
  873.06,    0.06
  873.28,    0.06
  873.50,    0.06
  873.73,    0.06
  873.95,    0.06
  874.17,    0.06
  874.39,    0.06
  874.61,    0.06
  874.83,    0.06
  875.05,    0.06
  875.27,    0.06
  875.49,    0.06
  875.72,    0.06
  875.94,    0.06
  876.16,    0.06
  876.38,    0.06
  876.60,    0.06
  876.82,    0.06
  877.04,    0.06
  877.26,    0.06
  877.48,    0.06
  877.70,    0.06
  877.92,    0.06
  878.15,    0.06
  878.37,    0.06
  878.59,    0.06
  878.81,    0.06
  879.03,    0.06
  879.25,    0.06
  879.47,    0.06
  879.69,    0.06
  879.91,    0.06
  880.13,    0.06
  880.35,    0.06
  880.57,    0.06
  880.79,    0.06
  881.01,    0.06
  881.24,    0.06
  881.46,    0.06
  881.68,    0.06
  881.90,    0.06
  882.12,    0.06
  882.34,    0.06
  882.56,    0.06
  882.78,    0.06
  883.00,    0.06
  883.22,    0.06
  883.44,    0.06
  883.66,    0.06
  883.88,    0.06
  884.10,    0.06
  884.32,    0.06
  884.54,    0.06
  884.76,    0.06
  884.98,    0.06
  885.20,    0.06
  885.42,    0.06
  885.64,    0.06
  885.86,    0.06
  886.08,    0.06
  886.30,    0.06
  886.52,    0.06
  886.74,    0.06
  886.96,    0.06
  887.18,    0.06
  887.40,    0.06
  887.62,    0.06
  887.84,    0.06
  888.06,    0.06
  888.28,    0.06
  888.50,    0.06
  888.72,    0.06
  888.94,    0.06
  889.16,    0.06
  889.38,    0.06
  889.60,    0.06
  889.82,    0.06
  890.04,    0.06
  890.26,    0.06
  890.48,    0.06
  890.70,    0.06
  890.92,    0.06
  891.14,    0.06
  891.36,    0.06
  891.58,    0.06
  891.80,    0.06
  892.02,    0.06
  892.24,    0.06
  892.46,    0.06
  892.68,    0.06
  892.90,    0.06
  893.12,    0.06
  893.34,    0.06
  893.56,    0.06
  893.78,    0.06
  894.00,    0.06
  894.22,    0.06
  894.44,    0.06
  894.66,    0.06
  894.88,    0.06
  895.10,    0.06
  895.32,    0.06
  895.54,    0.06
  895.76,    0.06
  895.97,    0.06
  896.19,    0.06
  896.41,    0.06
  896.63,    0.06
  896.85,    0.06
  897.07,    0.06
  897.29,    0.06
  897.51,    0.06
  897.73,    0.06
  897.95,    0.06
  898.17,    0.06
  898.39,    0.06
  898.61,    0.06
  898.83,    0.06
  899.04,    0.06
  899.26,    0.06
  899.48,    0.06
  899.70,    0.06
  899.92,    0.06
  900.14,    0.06
  900.36,    0.06
  900.58,    0.06
  900.80,    0.06
  901.02,    0.06
  901.24,    0.06
  901.45,    0.06
  901.67,    0.06
  901.89,    0.06
  902.11,    0.06
  902.33,    0.06
  902.55,    0.06
  902.77,    0.06
  902.99,    0.06
  903.21,    0.06
  903.42,    0.06
  903.64,    0.06
  903.86,    0.06
  904.08,    0.06
  904.30,    0.06
  904.52,    0.06
  904.74,    0.06
  904.96,    0.06
  905.17,    0.06
  905.39,    0.06
  905.61,    0.06
  905.83,    0.06
  906.05,    0.06
  906.27,    0.06
  906.49,    0.06
  906.70,    0.06
  906.92,    0.06
  907.14,    0.06
  907.36,    0.06
  907.58,    0.06
  907.80,    0.06
  908.02,    0.06
  908.23,    0.06
  908.45,    0.06
  908.67,    0.06
  908.89,    0.06
  909.11,    0.06
  909.33,    0.06
  909.54,    0.06
  909.76,    0.06
  909.98,    0.06
  910.20,    0.06
  910.42,    0.06
  910.64,    0.06
  910.85,    0.06
  911.07,    0.06
  911.29,    0.06
  911.51,    0.06
  911.73,    0.06
  911.94,    0.06
  912.16,    0.07
  912.38,    0.07
  912.60,    0.06
  912.82,    0.06
  913.03,    0.06
  913.25,    0.06
  913.47,    0.06
  913.69,    0.06
  913.91,    0.06
  914.12,    0.06
  914.34,    0.06
  914.56,    0.06
  914.78,    0.06
  915.00,    0.06
  915.21,    0.06
  915.43,    0.06
  915.65,    0.06
  915.87,    0.06
  916.09,    0.06
  916.30,    0.07
  916.52,    0.07
  916.74,    0.07
  916.96,    0.07
  917.17,    0.07
  917.39,    0.07
  917.61,    0.07
  917.83,    0.07
  918.05,    0.07
  918.26,    0.07
  918.48,    0.07
  918.70,    0.07
  918.92,    0.06
  919.13,    0.07
  919.35,    0.06
  919.57,    0.07
  919.79,    0.07
  920.00,    0.07
  920.22,    0.07
  920.44,    0.07
  920.66,    0.07
  920.87,    0.07
  921.09,    0.07
  921.31,    0.07
  921.53,    0.07
  921.74,    0.07
  921.96,    0.07
  922.18,    0.07
  922.39,    0.07
  922.61,    0.07
  922.83,    0.07
  923.05,    0.07
  923.26,    0.07
  923.48,    0.07
  923.70,    0.07
  923.92,    0.07
  924.13,    0.07
  924.35,    0.07
  924.57,    0.07
  924.78,    0.07
  925.00,    0.07
  925.22,    0.07
  925.44,    0.07
  925.65,    0.07
  925.87,    0.07
  926.09,    0.07
  926.30,    0.07
  926.52,    0.07
  926.74,    0.07
  926.95,    0.07
  927.17,    0.07
  927.39,    0.07
  927.60,    0.07
  927.82,    0.07
  928.04,    0.07
  928.26,    0.07
  928.47,    0.07
  928.69,    0.07
  928.91,    0.07
  929.12,    0.07
  929.34,    0.07
  929.56,    0.07
  929.77,    0.07
  929.99,    0.07
  930.21,    0.07
  930.42,    0.07
  930.64,    0.07
  930.86,    0.07
  931.07,    0.07
  931.29,    0.07
  931.51,    0.07
  931.72,    0.07
  931.94,    0.07
  932.16,    0.07
  932.37,    0.07
  932.59,    0.07
  932.81,    0.07
  933.02,    0.07
  933.24,    0.07
  933.45,    0.07
  933.67,    0.07
  933.89,    0.07
  934.10,    0.07
  934.32,    0.07
  934.54,    0.07
  934.75,    0.07
  934.97,    0.07
  935.19,    0.07
  935.40,    0.07
  935.62,    0.07
  935.83,    0.07
  936.05,    0.07
  936.27,    0.07
  936.48,    0.07
  936.70,    0.07
  936.91,    0.07
  937.13,    0.07
  937.35,    0.07
  937.56,    0.07
  937.78,    0.07
  938.00,    0.07
  938.21,    0.07
  938.43,    0.07
  938.64,    0.07
  938.86,    0.07
  939.08,    0.07
  939.29,    0.07
  939.51,    0.07
  939.72,    0.07
  939.94,    0.07
  940.15,    0.07
  940.37,    0.07
  940.59,    0.07
  940.80,    0.07
  941.02,    0.07
  941.23,    0.07
  941.45,    0.07
  941.67,    0.07
  941.88,    0.07
  942.10,    0.07
  942.31,    0.07
  942.53,    0.07
  942.74,    0.07
  942.96,    0.07
  943.18,    0.07
  943.39,    0.07
  943.61,    0.07
  943.82,    0.07
  944.04,    0.07
  944.25,    0.07
  944.47,    0.07
  944.68,    0.07
  944.90,    0.07
  945.12,    0.07
  945.33,    0.07
  945.55,    0.07
  945.76,    0.07
  945.98,    0.07
  946.19,    0.07
  946.41,    0.07
  946.62,    0.07
  946.84,    0.07
  947.05,    0.07
  947.27,    0.07
  947.48,    0.07
  947.70,    0.07
  947.91,    0.07
  948.13,    0.07
  948.35,    0.07
  948.56,    0.07
  948.78,    0.07
  948.99,    0.07
  949.21,    0.07
  949.42,    0.07
  949.64,    0.07
  949.85,    0.07
  950.07,    0.07
  950.28,    0.07
  950.50,    0.07
  950.71,    0.07
  950.93,    0.07
  951.14,    0.07
  951.36,    0.07
  951.57,    0.07
  951.79,    0.07
  952.00,    0.07
  952.22,    0.07
  952.43,    0.07
  952.65,    0.07
  952.86,    0.07
  953.08,    0.07
  953.29,    0.07
  953.51,    0.07
  953.72,    0.07
  953.93,    0.07
  954.15,    0.07
  954.36,    0.07
  954.58,    0.07
  954.79,    0.07
  955.01,    0.07
  955.22,    0.07
  955.44,    0.07
  955.65,    0.07
  955.87,    0.07
  956.08,    0.07
  956.30,    0.07
  956.51,    0.07
  956.73,    0.07
  956.94,    0.07
  957.15,    0.07
  957.37,    0.07
  957.58,    0.07
  957.80,    0.07
  958.01,    0.07
  958.23,    0.07
  958.44,    0.07
  958.66,    0.07
  958.87,    0.07
  959.08,    0.07
  959.30,    0.07
  959.51,    0.07
  959.73,    0.07
  959.94,    0.07
  960.16,    0.07
  960.37,    0.07
  960.58,    0.07
  960.80,    0.07
  961.01,    0.07
  961.23,    0.07
  961.44,    0.07
  961.65,    0.07
  961.87,    0.07
  962.08,    0.07
  962.30,    0.07
  962.51,    0.07
  962.73,    0.07
  962.94,    0.07
  963.15,    0.07
  963.37,    0.07
  963.58,    0.07
  963.80,    0.07
  964.01,    0.07
  964.22,    0.07
  964.44,    0.08
  964.65,    0.08
  964.86,    0.08
  965.08,    0.08
  965.29,    0.08
  965.51,    0.08
  965.72,    0.07
  965.93,    0.07
  966.15,    0.07
  966.36,    0.08
  966.58,    0.08
  966.79,    0.08
  967.00,    0.08
  967.22,    0.08
  967.43,    0.08
  967.64,    0.08
  967.86,    0.08
  968.07,    0.08
  968.28,    0.08
  968.50,    0.08
  968.71,    0.08
  968.93,    0.08
  969.14,    0.08
  969.35,    0.08
  969.57,    0.08
  969.78,    0.08
  969.99,    0.08
  970.21,    0.08
  970.42,    0.08
  970.63,    0.08
  970.85,    0.08
  971.06,    0.07
  971.27,    0.07
  971.49,    0.08
  971.70,    0.07
  971.91,    0.07
  972.13,    0.07
  972.34,    0.08
  972.55,    0.07
  972.77,    0.07
  972.98,    0.07
  973.19,    0.07
  973.41,    0.07
  973.62,    0.08
  973.83,    0.08
  974.05,    0.08
  974.26,    0.08
  974.47,    0.08
  974.68,    0.08
  974.90,    0.08
  975.11,    0.08
  975.32,    0.08
  975.54,    0.08
  975.75,    0.08
  975.96,    0.08
  976.18,    0.08
  976.39,    0.08
  976.60,    0.08
  976.81,    0.08
  977.03,    0.08
  977.24,    0.08
  977.45,    0.08
  977.67,    0.08
  977.88,    0.08
  978.09,    0.08
  978.30,    0.08
  978.52,    0.08
  978.73,    0.08
  978.94,    0.08
  979.16,    0.08
  979.37,    0.08
  979.58,    0.08
  979.79,    0.08
  980.01,    0.08
  980.22,    0.08
  980.43,    0.08
  980.64,    0.08
  980.86,    0.08
  981.07,    0.08
  981.28,    0.08
  981.49,    0.08
  981.71,    0.08
  981.92,    0.08
  982.13,    0.08
  982.34,    0.08
  982.56,    0.08
  982.77,    0.08
  982.98,    0.08
  983.19,    0.08
  983.41,    0.08
  983.62,    0.08
  983.83,    0.08
  984.04,    0.08
  984.26,    0.08
  984.47,    0.08
  984.68,    0.08
  984.89,    0.08
  985.10,    0.08
  985.32,    0.08
  985.53,    0.08
  985.74,    0.08
  985.95,    0.08
  986.16,    0.08
  986.38,    0.08
  986.59,    0.08
  986.80,    0.08
  987.01,    0.08
  987.23,    0.08
  987.44,    0.08
  987.65,    0.08
  987.86,    0.08
  988.07,    0.08
  988.29,    0.08
  988.50,    0.08
  988.71,    0.08
  988.92,    0.08
  989.13,    0.08
  989.34,    0.08
  989.56,    0.08
  989.77,    0.08
  989.98,    0.08
  990.19,    0.08
  990.40,    0.08
  990.62,    0.08
  990.83,    0.08
  991.04,    0.08
  991.25,    0.08
  991.46,    0.08
  991.67,    0.08
  991.89,    0.08
  992.10,    0.08
  992.31,    0.08
  992.52,    0.08
  992.73,    0.08
  992.94,    0.08
  993.16,    0.08
  993.37,    0.08
  993.58,    0.08
  993.79,    0.08
  994.00,    0.08
  994.21,    0.08
  994.42,    0.08
  994.64,    0.08
  994.85,    0.08
  995.06,    0.08
  995.27,    0.09
  995.48,    0.09
  995.69,    0.09
  995.90,    0.09
  996.12,    0.09
  996.33,    0.08
  996.54,    0.09
  996.75,    0.09
  996.96,    0.09
  997.17,    0.09
  997.38,    0.09
  997.59,    0.09
  997.81,    0.09
  998.02,    0.09
  998.23,    0.09
  998.44,    0.09
  998.65,    0.09
  998.86,    0.09
  999.07,    0.09
  999.28,    0.09
  999.49,    0.09
  999.71,    0.09
  999.92,    0.09
 1000.13,    0.08
 1000.34,    0.08
 1000.55,    0.08
 1000.76,    0.08
 1000.97,    0.08
 1001.18,    0.09
 1001.39,    0.09
 1001.60,    0.09
 1001.82,    0.09
 1002.03,    0.09
 1002.24,    0.09
 1002.45,    0.09
 1002.66,    0.09
 1002.87,    0.09
 1003.08,    0.09
 1003.29,    0.09
 1003.50,    0.09
 1003.71,    0.09
 1003.92,    0.09
 1004.13,    0.09
 1004.34,    0.09
 1004.55,    0.09
 1004.77,    0.09
 1004.98,    0.09
 1005.19,    0.09
 1005.40,    0.09
 1005.61,    0.09
 1005.82,    0.09
 1006.03,    0.09
 1006.24,    0.09
 1006.45,    0.09
 1006.66,    0.09
 1006.87,    0.09
 1007.08,    0.09
 1007.29,    0.09
 1007.50,    0.09
 1007.71,    0.09
 1007.92,    0.09
 1008.13,    0.09
 1008.34,    0.09
 1008.55,    0.09
 1008.76,    0.09
 1008.97,    0.09
 1009.18,    0.09
 1009.39,    0.09
 1009.60,    0.09
 1009.81,    0.09
 1010.02,    0.09
 1010.23,    0.09
 1010.45,    0.09
 1010.66,    0.08
 1010.87,    0.09
 1011.08,    0.09
 1011.29,    0.09
 1011.50,    0.09
 1011.71,    0.09
 1011.92,    0.09
 1012.13,    0.09
 1012.34,    0.09
 1012.55,    0.09
 1012.76,    0.09
 1012.97,    0.09
 1013.18,    0.09
 1013.39,    0.09
 1013.60,    0.09
 1013.80,    0.10
 1014.01,    0.09
 1014.22,    0.09
 1014.43,    0.09
 1014.64,    0.09
 1014.85,    0.09
 1015.06,    0.09
 1015.27,    0.09
 1015.48,    0.09
 1015.69,    0.09
 1015.90,    0.09
 1016.11,    0.09
 1016.32,    0.09
 1016.53,    0.09
 1016.74,    0.09
 1016.95,    0.09
 1017.16,    0.09
 1017.37,    0.09
 1017.58,    0.09
 1017.79,    0.09
 1018.00,    0.09
 1018.21,    0.09
 1018.42,    0.09
 1018.63,    0.09
 1018.84,    0.09
 1019.05,    0.09
 1019.26,    0.09
 1019.46,    0.09
 1019.67,    0.09
 1019.88,    0.09
 1020.09,    0.09
 1020.30,    0.09
 1020.51,    0.10
 1020.72,    0.09
 1020.93,    0.09
 1021.14,    0.09
 1021.35,    0.09
 1021.56,    0.09
 1021.77,    0.10
 1021.98,    0.10
 1022.19,    0.10
 1022.39,    0.09
 1022.60,    0.09
 1022.81,    0.09
 1023.02,    0.09
 1023.23,    0.09
 1023.44,    0.09
 1023.65,    0.09
 1023.86,    0.09
 1024.07,    0.09
 1024.28,    0.09
 1024.48,    0.09
 1024.69,    0.10
 1024.90,    0.10
 1025.11,    0.09
 1025.32,    0.10
 1025.53,    0.10
 1025.74,    0.10
 1025.95,    0.10
 1026.16,    0.10
 1026.36,    0.10
 1026.57,    0.10
 1026.78,    0.10
 1026.99,    0.10
 1027.20,    0.09
 1027.41,    0.09
 1027.62,    0.09
 1027.83,    0.09
 1028.03,    0.09
 1028.24,    0.09
 1028.45,    0.09
 1028.66,    0.09
 1028.87,    0.09
 1029.08,    0.09
 1029.29,    0.09
 1029.49,    0.09
 1029.70,    0.09
 1029.91,    0.09
 1030.12,    0.09
 1030.33,    0.09
 1030.54,    0.09
 1030.75,    0.09
 1030.95,    0.09
 1031.16,    0.09
 1031.37,    0.09
 1031.58,    0.09
 1031.79,    0.09
 1032.00,    0.09
 1032.20,    0.09
 1032.41,    0.09
 1032.62,    0.09
 1032.83,    0.09
 1033.04,    0.09
 1033.25,    0.09
 1033.45,    0.10
 1033.66,    0.10
 1033.87,    0.10
 1034.08,    0.09
 1034.29,    0.10
 1034.49,    0.10
 1034.70,    0.09
 1034.91,    0.09
 1035.12,    0.09
 1035.33,    0.09
 1035.54,    0.09
 1035.74,    0.09
 1035.95,    0.09
 1036.16,    0.09
 1036.37,    0.09
 1036.58,    0.09
 1036.78,    0.09
 1036.99,    0.09
 1037.20,    0.09
 1037.41,    0.09
 1037.61,    0.09
 1037.82,    0.09
 1038.03,    0.08
 1038.24,    0.08
 1038.45,    0.08
 1038.65,    0.08
 1038.86,    0.08
 1039.07,    0.09
 1039.28,    0.09
 1039.49,    0.08
 1039.69,    0.08
 1039.90,    0.09
 1040.11,    0.08
 1040.32,    0.09
 1040.52,    0.08
 1040.73,    0.09
 1040.94,    0.09
 1041.15,    0.09
 1041.35,    0.09
 1041.56,    0.09
 1041.77,    0.10
 1041.98,    0.10
 1042.18,    0.09
 1042.39,    0.09
 1042.60,    0.10
 1042.81,    0.10
 1043.01,    0.10
 1043.22,    0.09
 1043.43,    0.09
 1043.64,    0.09
 1043.84,    0.09
 1044.05,    0.09
 1044.26,    0.09
 1044.47,    0.09
 1044.67,    0.09
 1044.88,    0.09
 1045.09,    0.08
 1045.29,    0.08
 1045.50,    0.08
 1045.71,    0.08
 1045.92,    0.09
 1046.12,    0.08
 1046.33,    0.09
 1046.54,    0.09
 1046.74,    0.09
 1046.95,    0.09
 1047.16,    0.10
 1047.37,    0.10
 1047.57,    0.10
 1047.78,    0.10
 1047.99,    0.10
 1048.19,    0.10
 1048.40,    0.10
 1048.61,    0.10
 1048.81,    0.10
 1049.02,    0.10
 1049.23,    0.09
 1049.44,    0.09
 1049.64,    0.09
 1049.85,    0.09
 1050.06,    0.09
 1050.26,    0.09
 1050.47,    0.09
 1050.68,    0.08
 1050.88,    0.08
 1051.09,    0.08
 1051.30,    0.08
 1051.50,    0.08
 1051.71,    0.08
 1051.92,    0.08
 1052.12,    0.09
 1052.33,    0.08
 1052.54,    0.08
 1052.74,    0.08
 1052.95,    0.08
 1053.16,    0.09
 1053.36,    0.09
 1053.57,    0.09
 1053.78,    0.09
 1053.98,    0.09
 1054.19,    0.09
 1054.40,    0.09
 1054.60,    0.09
 1054.81,    0.10
 1055.01,    0.10
 1055.22,    0.11
 1055.43,    0.10
 1055.63,    0.10
 1055.84,    0.10
 1056.05,    0.10
 1056.25,    0.10
 1056.46,    0.10
 1056.67,    0.10
 1056.87,    0.10
 1057.08,    0.10
 1057.28,    0.09
 1057.49,    0.08
 1057.70,    0.08
 1057.90,    0.07
 1058.11,    0.07
 1058.31,    0.07
 1058.52,    0.08
 1058.73,    0.07
 1058.93,    0.07
 1059.14,    0.07
 1059.35,    0.07
 1059.55,    0.07
 1059.76,    0.07
 1059.96,    0.07
 1060.17,    0.05
 1060.38,    0.05
 1060.58,    0.05
 1060.79,    0.05
 1060.99,    0.05
