  194.37,   -0.43
  194.64,   -0.43
  194.91,   -0.43
  195.18,    6.00
  195.45,    0.09
  195.72,    6.00
  195.99,    6.00
  196.26,    0.75
  196.53,   -0.36
  196.80,   -0.14
  197.07,    0.16
  197.34,   -0.14
  197.61,   -0.08
  197.87,    0.14
  198.14,    0.12
  198.41,    0.16
  198.68,    0.17
  198.95,    0.20
  199.22,    0.14
  199.49,    0.15
  199.76,    0.19
  200.03,    0.22
  200.30,    0.21
  200.57,    0.24
  200.83,    0.19
  201.10,    0.16
  201.37,    0.16
  201.64,    0.14
  201.91,    0.15
  202.18,    0.18
  202.45,    0.14
  202.72,    0.13
  202.98,    0.11
  203.25,    0.12
  203.52,    0.11
  203.79,    0.14
  204.06,    0.14
  204.33,    0.14
  204.60,    0.17
  204.87,    0.12
  205.13,    0.12
  205.40,    0.12
  205.67,    0.11
  205.94,    0.13
  206.21,    0.15
  206.48,    0.17
  206.75,    0.15
  207.01,    0.18
  207.28,    0.17
  207.55,    0.17
  207.82,    0.21
  208.09,    0.20
  208.36,    0.22
  208.63,    0.22
  208.89,    0.20
  209.16,    0.16
  209.43,    0.14
  209.70,    0.14
  209.97,    0.11
  210.24,    0.12
  210.50,    0.12
  210.77,    0.07
  211.04,    0.05
  211.31,    0.03
  211.58,    0.05
  211.85,    0.06
  212.11,    0.07
  212.38,    0.09
  212.65,    0.09
  212.92,    0.09
  213.19,    0.09
  213.45,    0.08
  213.72,    0.10
  213.99,    0.12
  214.26,    0.13
  214.53,    0.10
  214.79,    0.11
  215.06,    0.12
  215.33,    0.08
  215.60,    0.07
  215.87,    0.07
  216.13,    0.07
  216.40,    0.08
  216.67,    0.08
  216.94,    0.09
  217.21,    0.09
  217.47,    0.10
  217.74,    0.08
  218.01,    0.07
  218.28,    0.09
  218.55,    0.11
  218.81,    0.11
  219.08,    0.13
  219.35,    0.13
  219.62,    0.15
  219.88,    0.13
  220.15,    0.14
  220.42,    0.15
  220.69,    0.18
  220.95,    0.18
  221.22,    0.23
  221.49,    0.25
  221.76,    0.24
  222.03,    0.23
  222.29,    0.22
  222.56,    0.21
  222.83,    0.23
  223.10,    0.22
  223.36,    0.23
  223.63,    0.24
  223.90,    0.24
  224.17,    0.21
  224.43,    0.22
  224.70,    0.25
  224.97,    0.24
  225.23,    0.25
  225.50,    0.27
  225.77,    0.27
  226.04,    0.29
  226.30,    0.30
  226.57,    0.31
  226.84,    0.33
  227.11,    0.36
  227.37,    0.38
  227.64,    0.43
  227.91,    0.47
  228.17,    0.51
  228.44,    0.56
  228.71,    0.60
  228.98,    0.60
  229.24,    0.65
  229.51,    0.70
  229.78,    0.75
  230.04,    0.77
  230.31,    0.82
  230.58,    0.85
  230.85,    0.85
  231.11,    0.86
  231.38,    0.86
  231.65,    0.88
  231.91,    0.91
  232.18,    0.95
  232.45,    0.99
  232.71,    1.04
  232.98,    1.09
  233.25,    1.12
  233.51,    1.12
  233.78,    1.20
  234.05,    1.28
  234.31,    1.28
  234.58,    1.31
  234.85,    1.38
  235.11,    1.37
  235.38,    1.40
  235.65,    1.39
  235.91,    1.40
  236.18,    1.41
  236.45,    1.44
  236.71,    1.46
  236.98,    1.48
  237.25,    1.50
  237.51,    1.54
  237.78,    1.53
  238.05,    1.56
  238.31,    1.58
  238.58,    1.60
  238.85,    1.62
  239.11,    1.63
  239.38,    1.67
  239.65,    1.71
  239.91,    1.71
  240.18,    1.75
  240.45,    1.75
  240.71,    1.78
  240.98,    1.81
  241.24,    1.81
  241.51,    1.84
  241.78,    1.85
  242.04,    1.87
  242.31,    1.87
  242.58,    1.83
  242.84,    1.85
  243.11,    1.86
  243.37,    1.87
  243.64,    1.89
  243.91,    1.91
  244.17,    1.91
  244.44,    1.93
  244.70,    1.92
  244.97,    1.94
  245.24,    1.92
  245.50,    1.93
  245.77,    1.93
  246.03,    1.95
  246.30,    1.97
  246.57,    1.96
  246.83,    1.94
  247.10,    1.93
  247.36,    1.94
  247.63,    1.97
  247.90,    1.97
  248.16,    1.99
  248.43,    2.00
  248.69,    2.01
  248.96,    1.99
  249.23,    2.01
  249.49,    2.00
  249.76,    2.01
  250.02,    2.02
  250.29,    2.02
  250.55,    2.00
  250.82,    1.99
  251.09,    1.99
  251.35,    2.01
  251.62,    1.99
  251.88,    1.97
  252.15,    1.96
  252.41,    1.96
  252.68,    1.98
  252.94,    1.98
  253.21,    1.97
  253.48,    1.99
  253.74,    2.01
  254.01,    2.00
  254.27,    2.03
  254.54,    2.02
  254.80,    2.05
  255.07,    2.07
  255.33,    2.06
  255.60,    2.03
  255.86,    2.01
  256.13,    1.99
  256.40,    2.00
  256.66,    1.98
  256.93,    2.00
  257.19,    1.96
  257.46,    1.99
  257.72,    1.97
  257.99,    1.95
  258.25,    1.96
  258.52,    1.98
  258.78,    1.98
  259.05,    1.99
  259.31,    1.97
  259.58,    1.98
  259.84,    1.98
  260.11,    1.99
  260.37,    1.97
  260.64,    1.97
  260.90,    1.98
  261.17,    1.98
  261.43,    1.97
  261.70,    1.98
  261.96,    1.99
  262.23,    1.99
  262.49,    1.99
  262.76,    1.97
  263.02,    1.96
  263.29,    1.96
  263.55,    1.97
  263.82,    1.95
  264.08,    1.94
  264.35,    1.92
  264.61,    1.92
  264.88,    1.92
  265.14,    1.92
  265.41,    1.91
  265.67,    1.92
  265.93,    1.91
  266.20,    1.92
  266.46,    1.92
  266.73,    1.92
  266.99,    1.93
  267.26,    1.96
  267.52,    1.95
  267.79,    1.94
  268.05,    1.95
  268.32,    1.96
  268.58,    1.95
  268.85,    1.94
  269.11,    1.93
  269.37,    1.91
  269.64,    1.88
  269.90,    1.82
  270.17,    1.77
  270.43,    1.70
  270.70,    1.62
  270.96,    1.55
  271.23,    1.47
  271.49,    1.39
  271.75,    1.32
  272.02,    1.25
  272.28,    1.19
  272.55,    1.13
  272.81,    1.07
  273.08,    1.01
  273.34,    0.96
  273.60,    0.92
  273.87,    0.87
  274.13,    0.84
  274.40,    0.80
  274.66,    0.77
  274.92,    0.74
  275.19,    0.72
  275.45,    0.70
  275.72,    0.68
  275.98,    0.66
  276.24,    0.64
  276.51,    0.63
  276.77,    0.62
  277.04,    0.61
  277.30,    0.59
  277.56,    0.58
  277.83,    0.57
  278.09,    0.56
  278.36,    0.55
  278.62,    0.54
  278.88,    0.53
  279.15,    0.52
  279.41,    0.51
  279.68,    0.50
  279.94,    0.49
  280.20,    0.48
  280.47,    0.47
  280.73,    0.46
  280.99,    0.45
  281.26,    0.45
  281.52,    0.44
  281.78,    0.44
  282.05,    0.43
  282.31,    0.43
  282.58,    0.43
  282.84,    0.43
  283.10,    0.42
  283.37,    0.42
  283.63,    0.42
  283.89,    0.42
  284.16,    0.42
  284.42,    0.42
  284.68,    0.42
  284.95,    0.42
  285.21,    0.42
  285.47,    0.42
  285.74,    0.42
  286.00,    0.41
  286.26,    0.41
  286.53,    0.41
  286.79,    0.41
  287.05,    0.41
  287.32,    0.41
  287.58,    0.40
  287.84,    0.40
  288.11,    0.40
  288.37,    0.39
  288.63,    0.39
  288.90,    0.38
  289.16,    0.38
  289.42,    0.37
  289.69,    0.36
  289.95,    0.35
  290.21,    0.34
  290.48,    0.34
  290.74,    0.33
  291.00,    0.32
  291.26,    0.31
  291.53,    0.31
  291.79,    0.30
  292.05,    0.30
  292.32,    0.29
  292.58,    0.29
  292.84,    0.29
  293.11,    0.28
  293.37,    0.28
  293.63,    0.28
  293.89,    0.28
  294.16,    0.28
  294.42,    0.28
  294.68,    0.28
  294.95,    0.28
  295.21,    0.28
  295.47,    0.28
  295.73,    0.28
  296.00,    0.28
  296.26,    0.28
  296.52,    0.28
  296.78,    0.28
  297.05,    0.28
  297.31,    0.28
  297.57,    0.28
  297.83,    0.28
  298.10,    0.28
  298.36,    0.28
  298.62,    0.28
  298.88,    0.28
  299.15,    0.27
  299.41,    0.27
  299.67,    0.27
  299.93,    0.26
  300.20,    0.26
  300.46,    0.25
  300.72,    0.24
  300.98,    0.24
  301.25,    0.23
  301.51,    0.23
  301.77,    0.22
  302.03,    0.21
  302.30,    0.21
  302.56,    0.20
  302.82,    0.20
  303.08,    0.20
  303.34,    0.19
  303.61,    0.19
  303.87,    0.19
  304.13,    0.19
  304.39,    0.19
  304.66,    0.19
  304.92,    0.18
  305.18,    0.18
  305.44,    0.18
  305.70,    0.18
  305.97,    0.18
  306.23,    0.18
  306.49,    0.18
  306.75,    0.19
  307.01,    0.19
  307.28,    0.19
  307.54,    0.19
  307.80,    0.19
  308.06,    0.19
  308.32,    0.19
  308.59,    0.19
  308.85,    0.19
  309.11,    0.19
  309.37,    0.19
  309.63,    0.19
  309.89,    0.19
  310.16,    0.19
  310.42,    0.19
  310.68,    0.19
  310.94,    0.19
  311.20,    0.19
  311.47,    0.19
  311.73,    0.19
  311.99,    0.19
  312.25,    0.19
  312.51,    0.19
  312.77,    0.19
  313.03,    0.20
  313.30,    0.20
  313.56,    0.20
  313.82,    0.20
  314.08,    0.21
  314.34,    0.21
  314.60,    0.21
  314.87,    0.22
  315.13,    0.22
  315.39,    0.23
  315.65,    0.23
  315.91,    0.24
  316.17,    0.24
  316.43,    0.25
  316.70,    0.25
  316.96,    0.26
  317.22,    0.26
  317.48,    0.27
  317.74,    0.28
  318.00,    0.28
  318.26,    0.29
  318.52,    0.29
  318.79,    0.30
  319.05,    0.31
  319.31,    0.31
  319.57,    0.32
  319.83,    0.32
  320.09,    0.33
  320.35,    0.33
  320.61,    0.34
  320.87,    0.34
  321.14,    0.35
  321.40,    0.35
  321.66,    0.35
  321.92,    0.36
  322.18,    0.36
  322.44,    0.36
  322.70,    0.36
  322.96,    0.36
  323.22,    0.35
  323.48,    0.35
  323.74,    0.35
  324.01,    0.35
  324.27,    0.35
  324.53,    0.34
  324.79,    0.34
  325.05,    0.34
  325.31,    0.34
  325.57,    0.34
  325.83,    0.34
  326.09,    0.34
  326.35,    0.34
  326.61,    0.34
  326.87,    0.35
  327.13,    0.35
  327.39,    0.35
  327.66,    0.36
  327.92,    0.36
  328.18,    0.37
  328.44,    0.38
  328.70,    0.39
  328.96,    0.40
  329.22,    0.41
  329.48,    0.42
  329.74,    0.43
  330.00,    0.44
  330.26,    0.45
  330.52,    0.47
  330.78,    0.48
  331.04,    0.49
  331.30,    0.51
  331.56,    0.52
  331.82,    0.53
  332.08,    0.54
  332.34,    0.56
  332.60,    0.57
  332.86,    0.59
  333.12,    0.60
  333.38,    0.61
  333.64,    0.63
  333.90,    0.64
  334.16,    0.65
  334.43,    0.67
  334.69,    0.68
  334.95,    0.69
  335.21,    0.70
  335.47,    0.71
  335.73,    0.72
  335.99,    0.72
  336.25,    0.72
  336.51,    0.72
  336.77,    0.72
  337.03,    0.72
  337.29,    0.71
  337.55,    0.70
  337.81,    0.69
  338.07,    0.68
  338.33,    0.67
  338.59,    0.66
  338.85,    0.65
  339.10,    0.64
  339.36,    0.63
  339.62,    0.62
  339.88,    0.61
  340.14,    0.60
  340.40,    0.60
  340.66,    0.59
  340.92,    0.59
  341.18,    0.58
  341.44,    0.58
  341.70,    0.58
  341.96,    0.58
  342.22,    0.58
  342.48,    0.58
  342.74,    0.59
  343.00,    0.59
  343.26,    0.60
  343.52,    0.60
  343.78,    0.61
  344.04,    0.63
  344.30,    0.64
  344.56,    0.65
  344.82,    0.67
  345.08,    0.69
  345.34,    0.71
  345.60,    0.73
  345.85,    0.75
  346.11,    0.78
  346.37,    0.80
  346.63,    0.83
  346.89,    0.85
  347.15,    0.87
  347.41,    0.89
  347.67,    0.92
  347.93,    0.94
  348.19,    0.96
  348.45,    0.97
  348.71,    0.99
  348.97,    1.01
  349.23,    1.03
  349.48,    1.06
  349.74,    1.08
  350.00,    1.10
  350.26,    1.13
  350.52,    1.15
  350.78,    1.17
  351.04,    1.20
  351.30,    1.21
  351.56,    1.23
  351.82,    1.24
  352.07,    1.25
  352.33,    1.25
  352.59,    1.24
  352.85,    1.23
  353.11,    1.21
  353.37,    1.19
  353.63,    1.17
  353.89,    1.15
  354.15,    1.12
  354.40,    1.09
  354.66,    1.06
  354.92,    1.03
  355.18,    1.00
  355.44,    0.97
  355.70,    0.94
  355.96,    0.91
  356.22,    0.89
  356.47,    0.86
  356.73,    0.84
  356.99,    0.82
  357.25,    0.81
  357.51,    0.79
  357.77,    0.78
  358.03,    0.77
  358.28,    0.76
  358.54,    0.75
  358.80,    0.74
  359.06,    0.74
  359.32,    0.74
  359.58,    0.73
  359.84,    0.74
  360.09,    0.74
  360.35,    0.74
  360.61,    0.75
  360.87,    0.76
  361.13,    0.78
  361.39,    0.80
  361.64,    0.82
  361.90,    0.84
  362.16,    0.87
  362.42,    0.90
  362.68,    0.94
  362.94,    0.97
  363.19,    1.01
  363.45,    1.04
  363.71,    1.07
  363.97,    1.10
  364.23,    1.13
  364.48,    1.15
  364.74,    1.18
  365.00,    1.21
  365.26,    1.23
  365.52,    1.25
  365.78,    1.28
  366.03,    1.29
  366.29,    1.31
  366.55,    1.33
  366.81,    1.35
  367.07,    1.38
  367.32,    1.42
  367.58,    1.43
  367.84,    1.45
  368.10,    1.47
  368.35,    1.50
  368.61,    1.51
  368.87,    1.53
  369.13,    1.54
  369.39,    1.55
  369.64,    1.55
  369.90,    1.53
  370.16,    1.51
  370.42,    1.50
  370.67,    1.47
  370.93,    1.43
  371.19,    1.39
  371.45,    1.34
  371.71,    1.30
  371.96,    1.24
  372.22,    1.19
  372.48,    1.14
  372.74,    1.09
  372.99,    1.04
  373.25,    0.99
  373.51,    0.94
  373.77,    0.90
  374.02,    0.86
  374.28,    0.81
  374.54,    0.77
  374.80,    0.74
  375.05,    0.71
  375.31,    0.68
  375.57,    0.65
  375.83,    0.63
  376.08,    0.60
  376.34,    0.58
  376.60,    0.57
  376.85,    0.55
  377.11,    0.54
  377.37,    0.53
  377.63,    0.52
  377.88,    0.52
  378.14,    0.51
  378.40,    0.51
  378.66,    0.51
  378.91,    0.51
  379.17,    0.51
  379.43,    0.52
  379.68,    0.53
  379.94,    0.54
  380.20,    0.56
  380.46,    0.58
  380.71,    0.60
  380.97,    0.62
  381.23,    0.65
  381.48,    0.68
  381.74,    0.71
  382.00,    0.74
  382.25,    0.77
  382.51,    0.79
  382.77,    0.82
  383.02,    0.85
  383.28,    0.87
  383.54,    0.89
  383.80,    0.91
  384.05,    0.93
  384.31,    0.95
  384.57,    0.97
  384.82,    0.99
  385.08,    1.01
  385.34,    1.04
  385.59,    1.06
  385.85,    1.09
  386.11,    1.12
  386.36,    1.16
  386.62,    1.19
  386.88,    1.23
  387.13,    1.27
  387.39,    1.30
  387.65,    1.32
  387.90,    1.36
  388.16,    1.38
  388.42,    1.39
  388.67,    1.40
  388.93,    1.40
  389.18,    1.39
  389.44,    1.38
  389.70,    1.34
  389.95,    1.30
  390.21,    1.25
  390.47,    1.20
  390.72,    1.13
  390.98,    1.06
  391.24,    0.99
  391.49,    0.92
  391.75,    0.85
  392.00,    0.79
  392.26,    0.72
  392.52,    0.66
  392.77,    0.60
  393.03,    0.55
  393.29,    0.50
  393.54,    0.46
  393.80,    0.42
  394.05,    0.38
  394.31,    0.35
  394.57,    0.32
  394.82,    0.29
  395.08,    0.27
  395.33,    0.25
  395.59,    0.23
  395.85,    0.21
  396.10,    0.19
  396.36,    0.18
  396.61,    0.16
  396.87,    0.15
  397.13,    0.14
  397.38,    0.13
  397.64,    0.12
  397.89,    0.11
  398.15,    0.10
  398.41,    0.10
  398.66,    0.09
  398.92,    0.08
  399.17,    0.08
  399.43,    0.07
  399.68,    0.07
  399.94,    0.07
  400.20,    0.06
  400.45,    0.06
  400.71,    0.06
  400.96,    0.06
  401.22,    0.06
  401.47,    0.05
  401.73,    0.05
  401.99,    0.05
  402.24,    0.05
  402.50,    0.05
  402.75,    0.05
  403.01,    0.05
  403.26,    0.05
  403.52,    0.05
  403.77,    0.05
  404.03,    0.05
  404.29,    0.05
  404.54,    0.04
  404.80,    0.04
  405.05,    0.04
  405.31,    0.04
  405.56,    0.04
  405.82,    0.04
  406.07,    0.04
  406.33,    0.04
  406.58,    0.04
  406.84,    0.04
  407.09,    0.04
  407.35,    0.04
  407.60,    0.04
  407.86,    0.04
  408.11,    0.04
  408.37,    0.04
  408.63,    0.04
  408.88,    0.04
  409.14,    0.04
  409.39,    0.04
  409.65,    0.04
  409.90,    0.04
  410.16,    0.04
  410.41,    0.04
  410.67,    0.04
  410.92,    0.04
  411.18,    0.04
  411.43,    0.04
  411.69,    0.04
  411.94,    0.04
  412.20,    0.04
  412.45,    0.04
  412.71,    0.04
  412.96,    0.04
  413.21,    0.04
  413.47,    0.03
  413.72,    0.04
  413.98,    0.03
  414.23,    0.03
  414.49,    0.04
  414.74,    0.03
  415.00,    0.04
  415.25,    0.04
  415.51,    0.04
  415.76,    0.04
  416.02,    0.04
  416.27,    0.04
  416.53,    0.04
  416.78,    0.04
  417.04,    0.04
  417.29,    0.04
  417.54,    0.04
  417.80,    0.04
  418.05,    0.04
  418.31,    0.04
  418.56,    0.04
  418.82,    0.04
  419.07,    0.04
  419.33,    0.04
  419.58,    0.04
  419.83,    0.04
  420.09,    0.04
  420.34,    0.04
  420.60,    0.04
  420.85,    0.04
  421.11,    0.04
  421.36,    0.04
  421.61,    0.04
  421.87,    0.04
  422.12,    0.04
  422.38,    0.04
  422.63,    0.04
  422.89,    0.04
  423.14,    0.04
  423.39,    0.04
  423.65,    0.04
  423.90,    0.04
  424.16,    0.04
  424.41,    0.04
  424.66,    0.04
  424.92,    0.04
  425.17,    0.03
  425.43,    0.04
  425.68,    0.04
  425.93,    0.04
  426.19,    0.04
  426.44,    0.04
  426.70,    0.04
  426.95,    0.03
  427.20,    0.04
  427.46,    0.04
  427.71,    0.03
  427.97,    0.04
  428.22,    0.04
  428.47,    0.03
  428.73,    0.03
  428.98,    0.03
  429.23,    0.03
  429.49,    0.03
  429.74,    0.03
  430.00,    0.03
  430.25,    0.03
  430.50,    0.03
  430.76,    0.03
  431.01,    0.03
  431.26,    0.03
  431.52,    0.03
  431.77,    0.03
  432.02,    0.03
  432.28,    0.03
  432.53,    0.03
  432.78,    0.03
  433.04,    0.03
  433.29,    0.03
  433.54,    0.03
  433.80,    0.03
  434.05,    0.03
  434.31,    0.04
  434.56,    0.04
  434.81,    0.04
  435.07,    0.04
  435.32,    0.04
  435.57,    0.04
  435.82,    0.04
  436.08,    0.04
  436.33,    0.04
  436.58,    0.03
  436.84,    0.03
  437.09,    0.03
  437.34,    0.03
  437.60,    0.03
  437.85,    0.03
  438.10,    0.03
  438.36,    0.03
  438.61,    0.03
  438.86,    0.03
  439.12,    0.03
  439.37,    0.03
  439.62,    0.03
  439.88,    0.03
  440.13,    0.03
  440.38,    0.03
  440.63,    0.03
  440.89,    0.03
  441.14,    0.03
  441.39,    0.03
  441.65,    0.03
  441.90,    0.03
  442.15,    0.03
  442.40,    0.03
  442.66,    0.03
  442.91,    0.03
  443.16,    0.03
  443.42,    0.03
  443.67,    0.03
  443.92,    0.03
  444.17,    0.03
  444.43,    0.03
  444.68,    0.03
  444.93,    0.03
  445.18,    0.03
  445.44,    0.03
  445.69,    0.03
  445.94,    0.03
  446.19,    0.03
  446.45,    0.03
  446.70,    0.03
  446.95,    0.03
  447.20,    0.03
  447.46,    0.03
  447.71,    0.03
  447.96,    0.03
  448.21,    0.03
  448.47,    0.03
  448.72,    0.03
  448.97,    0.03
  449.22,    0.03
  449.48,    0.03
  449.73,    0.03
  449.98,    0.03
  450.23,    0.03
  450.49,    0.03
  450.74,    0.03
  450.99,    0.03
  451.24,    0.03
  451.49,    0.03
  451.75,    0.03
  452.00,    0.03
  452.25,    0.03
  452.50,    0.03
  452.76,    0.03
  453.01,    0.03
  453.26,    0.03
  453.51,    0.03
  453.76,    0.03
  454.02,    0.03
  454.27,    0.03
  454.52,    0.03
  454.77,    0.03
  455.02,    0.03
  455.28,    0.03
  455.53,    0.03
  455.78,    0.03
  456.03,    0.03
  456.28,    0.03
  456.53,    0.03
  456.79,    0.03
  457.04,    0.03
  457.29,    0.03
  457.54,    0.03
  457.79,    0.03
  458.05,    0.03
  458.30,    0.03
  458.55,    0.03
  458.80,    0.03
  459.05,    0.03
  459.30,    0.03
  459.56,    0.03
  459.81,    0.03
  460.06,    0.03
  460.31,    0.03
  460.56,    0.03
  460.81,    0.03
  461.07,    0.03
  461.32,    0.03
  461.57,    0.03
  461.82,    0.03
  462.07,    0.03
  462.32,    0.03
  462.57,    0.03
  462.83,    0.03
  463.08,    0.03
  463.33,    0.03
  463.58,    0.03
  463.83,    0.03
  464.08,    0.03
  464.33,    0.02
  464.59,    0.02
  464.84,    0.02
  465.09,    0.02
  465.34,    0.02
  465.59,    0.02
  465.84,    0.02
  466.09,    0.02
  466.34,    0.02
  466.59,    0.02
  466.85,    0.02
  467.10,    0.02
  467.35,    0.02
  467.60,    0.02
  467.85,    0.02
  468.10,    0.02
  468.35,    0.02
  468.60,    0.02
  468.85,    0.02
  469.11,    0.03
  469.36,    0.03
  469.61,    0.03
  469.86,    0.02
  470.11,    0.03
  470.36,    0.02
  470.61,    0.03
  470.86,    0.03
  471.11,    0.03
  471.36,    0.03
  471.61,    0.03
  471.87,    0.03
  472.12,    0.03
  472.37,    0.03
  472.62,    0.03
  472.87,    0.03
  473.12,    0.03
  473.37,    0.02
  473.62,    0.02
  473.87,    0.02
  474.12,    0.02
  474.37,    0.02
  474.62,    0.02
  474.87,    0.02
  475.12,    0.02
  475.37,    0.02
  475.62,    0.02
  475.88,    0.02
  476.13,    0.02
  476.38,    0.02
  476.63,    0.02
  476.88,    0.02
  477.13,    0.02
  477.38,    0.02
  477.63,    0.02
  477.88,    0.02
  478.13,    0.02
  478.38,    0.02
  478.63,    0.02
  478.88,    0.02
  479.13,    0.02
  479.38,    0.02
  479.63,    0.02
  479.88,    0.02
  480.13,    0.02
  480.38,    0.02
  480.63,    0.02
  480.88,    0.02
  481.13,    0.02
  481.38,    0.02
  481.63,    0.02
  481.88,    0.02
  482.13,    0.02
  482.38,    0.02
  482.63,    0.02
  482.88,    0.02
  483.13,    0.02
  483.38,    0.02
  483.63,    0.02
  483.88,    0.02
  484.13,    0.02
  484.38,    0.02
  484.63,    0.02
  484.88,    0.02
  485.13,    0.02
  485.38,    0.02
  485.63,    0.02
  485.88,    0.02
  486.13,    0.02
  486.38,    0.02
  486.63,    0.02
  486.88,    0.02
  487.13,    0.02
  487.38,    0.02
  487.63,    0.02
  487.88,    0.02
  488.13,    0.02
  488.38,    0.02
  488.63,    0.02
  488.88,    0.02
  489.13,    0.02
  489.38,    0.02
  489.63,    0.02
  489.88,    0.02
  490.13,    0.02
  490.38,    0.02
  490.63,    0.02
  490.87,    0.02
  491.12,    0.02
  491.37,    0.02
  491.62,    0.02
  491.87,    0.02
  492.12,    0.02
  492.37,    0.02
  492.62,    0.02
  492.87,    0.02
  493.12,    0.02
  493.37,    0.02
  493.62,    0.02
  493.87,    0.02
  494.12,    0.02
  494.37,    0.02
  494.61,    0.01
  494.86,    0.01
  495.11,    0.01
  495.36,    0.01
  495.61,    0.01
  495.86,    0.02
  496.11,    0.02
  496.36,    0.02
  496.61,    0.02
  496.86,    0.02
  497.11,    0.02
  497.35,    0.02
  497.60,    0.02
  497.85,    0.02
  498.10,    0.02
  498.35,    0.01
  498.60,    0.01
  498.85,    0.01
  499.10,    0.01
  499.35,    0.01
  499.60,    0.01
  499.84,    0.01
  500.09,    0.01
  500.34,    0.01
  500.59,    0.01
  500.84,    0.01
  501.09,    0.01
  501.34,    0.01
  501.59,    0.01
  501.83,    0.01
  502.08,    0.01
  502.33,    0.01
  502.58,    0.01
  502.83,    0.01
  503.08,    0.01
  503.33,    0.01
  503.57,    0.01
  503.82,    0.01
  504.07,    0.01
  504.32,    0.01
  504.57,    0.01
  504.82,    0.01
  505.07,    0.01
  505.31,    0.01
  505.56,    0.01
  505.81,    0.01
  506.06,    0.01
  506.31,    0.01
  506.56,    0.01
  506.80,    0.01
  507.05,    0.01
  507.30,    0.01
  507.55,    0.01
  507.80,    0.01
  508.05,    0.01
  508.29,    0.01
  508.54,    0.01
  508.79,    0.01
  509.04,    0.01
  509.29,    0.01
  509.54,    0.01
  509.78,    0.01
  510.03,    0.01
  510.28,    0.01
  510.53,    0.01
  510.78,    0.01
  511.02,    0.01
  511.27,    0.01
  511.52,    0.01
  511.77,    0.01
  512.02,    0.01
  512.26,    0.01
  512.51,    0.01
  512.76,    0.01
  513.01,    0.01
  513.26,    0.01
  513.50,    0.01
  513.75,    0.01
  514.00,    0.01
  514.25,    0.01
  514.50,    0.01
  514.74,    0.01
  514.99,    0.01
  515.24,    0.01
  515.49,    0.01
  515.73,    0.01
  515.98,    0.01
  516.23,    0.01
  516.48,    0.01
  516.72,    0.01
  516.97,    0.01
  517.22,    0.01
  517.47,    0.01
  517.72,    0.01
  517.96,    0.01
  518.21,    0.01
  518.46,    0.01
  518.71,    0.01
  518.95,    0.01
  519.20,    0.01
  519.45,    0.01
  519.70,    0.01
  519.94,    0.01
  520.19,    0.01
  520.44,    0.01
  520.68,    0.01
  520.93,    0.01
  521.18,    0.01
  521.43,    0.01
  521.67,    0.01
  521.92,    0.01
  522.17,    0.01
  522.42,    0.00
  522.66,    0.01
  522.91,    0.00
  523.16,    0.00
  523.40,    0.00
  523.65,    0.00
  523.90,    0.00
  524.15,    0.00
  524.39,    0.00
  524.64,    0.00
  524.89,    0.00
  525.13,    0.01
  525.38,    0.00
  525.63,    0.00
  525.88,    0.00
  526.12,    0.00
  526.37,    0.00
  526.62,    0.00
  526.86,    0.00
  527.11,    0.00
  527.36,    0.00
  527.60,    0.00
  527.85,    0.00
  528.10,    0.00
  528.35,    0.00
  528.59,    0.00
  528.84,    0.00
  529.09,    0.00
  529.33,    0.00
  529.58,    0.00
  529.83,    0.00
  530.07,    0.00
  530.32,    0.00
  530.57,    0.00
  530.81,    0.00
  531.06,    0.00
  531.31,    0.00
  531.55,    0.00
  531.80,    0.00
  532.05,    0.00
  532.29,    0.00
  532.54,    0.00
  532.79,    0.00
  533.03,    0.00
  533.28,    0.00
  533.52,    0.00
  533.77,    0.00
  534.02,    0.00
  534.26,    0.00
  534.51,    0.00
  534.76,    0.00
  535.00,    0.00
  535.25,    0.00
  535.50,    0.00
  535.74,    0.00
  535.99,    0.00
  536.23,    0.00
  536.48,    0.00
  536.73,    0.00
  536.97,    0.00
  537.22,    0.00
  537.47,    0.00
  537.71,    0.00
  537.96,    0.00
  538.20,    0.00
  538.45,    0.00
  538.70,    0.00
  538.94,    0.00
  539.19,    0.00
  539.44,    0.00
  539.68,    0.00
  539.93,    0.00
  540.17,    0.00
  540.42,    0.00
  540.67,    0.00
  540.91,    0.00
  541.16,    0.00
  541.40,    0.00
  541.65,    0.00
  541.89,    0.00
  542.14,    0.00
  542.39,    0.00
  542.63,    0.00
  542.88,    0.00
  543.12,    0.00
  543.37,    0.00
  543.62,    0.00
  543.86,    0.00
  544.11,    0.00
  544.35,    0.00
  544.60,    0.00
  544.84,    0.00
  545.09,    0.00
  545.34,    0.00
  545.58,    0.00
  545.83,    0.00
  546.07,    0.00
  546.32,    0.00
  546.56,    0.00
  546.81,    0.00
  547.05,    0.00
  547.30,    0.00
  547.55,    0.00
  547.79,   -0.00
  548.04,    0.00
  548.28,    0.00
  548.53,    0.00
  548.77,    0.00
  549.02,    0.00
  549.26,    0.00
  549.51,    0.00
  549.75,    0.00
  550.00,    0.00
  550.24,    0.00
  550.49,    0.00
  550.74,    0.00
  550.98,    0.00
  551.23,    0.00
  551.47,    0.00
  551.72,    0.00
  551.96,    0.00
  552.21,    0.00
  552.45,    0.00
  552.70,    0.00
  552.94,    0.00
  553.19,    0.00
  553.43,    0.00
  553.68,    0.00
  553.92,    0.00
  554.17,    0.00
  554.41,    0.00
  554.66,    0.00
  554.90,    0.00
  555.15,    0.00
  555.39,   -0.00
  555.64,   -0.00
  555.88,   -0.00
  556.13,   -0.00
  556.37,   -0.00
  556.62,   -0.00
  556.86,   -0.00
  557.11,   -0.00
  557.35,   -0.00
  557.60,   -0.00
  557.84,   -0.00
  558.08,   -0.00
  558.33,   -0.00
  558.57,   -0.00
  558.82,    0.00
  559.06,    0.00
  559.31,    0.00
  559.55,    0.00
  559.80,    0.00
  560.04,    0.00
  560.29,    0.00
  560.53,    0.00
  560.78,    0.00
  561.02,    0.00
  561.27,    0.00
  561.51,    0.00
  561.75,    0.00
  562.00,    0.00
  562.24,    0.00
  562.49,    0.00
  562.73,    0.00
  562.98,    0.00
  563.22,    0.00
  563.46,    0.00
  563.71,    0.00
  563.95,    0.00
  564.20,    0.00
  564.44,    0.00
  564.69,    0.00
  564.93,    0.00
  565.17,    0.00
  565.42,    0.00
  565.66,    0.00
  565.91,    0.00
  566.15,    0.00
  566.40,    0.00
  566.64,    0.00
  566.88,    0.00
  567.13,    0.00
  567.37,    0.00
  567.62,    0.00
  567.86,    0.00
  568.10,    0.00
  568.35,    0.00
  568.59,    0.00
  568.84,    0.00
  569.08,    0.00
  569.32,    0.00
  569.57,    0.00
  569.81,    0.00
  570.06,    0.00
  570.30,    0.00
  570.54,    0.00
  570.79,    0.00
  571.03,    0.00
  571.28,    0.00
  571.52,    0.00
  571.76,    0.00
  572.01,    0.00
  572.25,    0.00
  572.49,    0.00
  572.74,    0.00
  572.98,    0.00
  573.22,    0.00
  573.47,    0.00
  573.71,    0.00
  573.96,    0.00
  574.20,    0.00
  574.44,    0.00
  574.69,    0.00
  574.93,    0.00
  575.17,    0.00
  575.42,    0.00
  575.66,    0.00
  575.90,    0.00
  576.15,    0.00
  576.39,    0.00
  576.63,    0.00
  576.88,    0.00
  577.12,    0.00
  577.36,    0.00
  577.61,    0.00
  577.85,    0.00
  578.09,    0.00
  578.34,    0.00
  578.58,    0.00
  578.82,    0.00
  579.07,    0.00
  579.31,    0.00
  579.55,    0.00
  579.80,    0.00
  580.04,    0.00
  580.28,    0.00
  580.53,    0.00
  580.77,    0.00
  581.01,    0.00
  581.26,    0.00
  581.50,    0.00
  581.74,    0.00
  581.99,    0.01
  582.23,    0.01
  582.47,    0.00
  582.71,    0.00
  582.96,    0.00
  583.20,    0.01
  583.44,    0.01
  583.69,    0.01
  583.93,    0.01
  584.17,    0.01
  584.41,    0.01
  584.66,    0.01
  584.90,    0.01
  585.14,    0.01
  585.39,    0.01
  585.63,    0.01
  585.87,    0.01
  586.11,    0.01
  586.36,    0.01
  586.60,    0.01
  586.84,    0.01
  587.08,    0.01
  587.33,    0.01
  587.57,    0.01
  587.81,    0.01
  588.06,    0.01
  588.30,    0.01
  588.54,    0.01
  588.78,    0.01
  589.03,    0.01
  589.27,    0.01
  589.51,    0.01
  589.75,    0.01
  590.00,    0.01
  590.24,    0.01
  590.48,    0.01
  590.72,    0.01
  590.97,    0.01
  591.21,    0.01
  591.45,    0.01
  591.69,    0.01
  591.93,    0.01
  592.18,    0.01
  592.42,    0.01
  592.66,    0.01
  592.90,    0.01
  593.15,    0.01
  593.39,    0.01
  593.63,    0.01
  593.87,    0.01
  594.11,    0.01
  594.36,    0.01
  594.60,    0.01
  594.84,    0.01
  595.08,    0.01
  595.33,    0.01
  595.57,    0.01
  595.81,    0.01
  596.05,    0.01
  596.29,    0.01
  596.54,    0.01
  596.78,    0.01
  597.02,    0.01
  597.26,    0.01
  597.50,    0.01
  597.75,    0.01
  597.99,    0.01
  598.23,    0.01
  598.47,    0.01
  598.71,    0.01
  598.95,    0.01
  599.20,    0.01
  599.44,    0.01
  599.68,    0.01
  599.92,    0.01
  600.16,    0.01
  600.40,    0.01
  600.65,    0.01
  600.89,    0.01
  601.13,    0.01
  601.37,    0.01
  601.61,    0.01
  601.85,    0.01
  602.10,    0.01
  602.34,    0.01
  602.58,    0.01
  602.82,    0.01
  603.06,    0.01
  603.30,    0.01
  603.55,    0.01
  603.79,    0.01
  604.03,    0.01
  604.27,    0.01
  604.51,    0.01
  604.75,    0.01
  604.99,    0.01
  605.24,    0.01
  605.48,    0.01
  605.72,    0.01
  605.96,    0.01
  606.20,    0.01
  606.44,    0.01
  606.68,    0.01
  606.92,    0.01
  607.17,    0.01
  607.41,    0.01
  607.65,    0.01
  607.89,    0.01
  608.13,    0.01
  608.37,    0.01
  608.61,    0.01
  608.85,    0.01
  609.09,    0.01
  609.34,    0.01
  609.58,    0.01
  609.82,    0.01
  610.06,    0.01
  610.30,    0.01
  610.54,    0.01
  610.78,    0.01
  611.02,    0.01
  611.26,    0.01
  611.50,    0.01
  611.75,    0.01
  611.99,    0.01
  612.23,    0.01
  612.47,    0.01
  612.71,    0.01
  612.95,    0.01
  613.19,    0.01
  613.43,    0.01
  613.67,    0.01
  613.91,    0.01
  614.15,    0.01
  614.39,    0.01
  614.64,    0.01
  614.88,    0.01
  615.12,    0.01
  615.36,    0.01
  615.60,    0.01
  615.84,    0.01
  616.08,    0.01
  616.32,    0.01
  616.56,    0.01
  616.80,    0.01
  617.04,    0.01
  617.28,    0.01
  617.52,    0.01
  617.76,    0.01
  618.00,    0.01
  618.24,    0.01
  618.48,    0.01
  618.72,    0.01
  618.96,    0.01
  619.20,    0.01
  619.45,    0.01
  619.69,    0.01
  619.93,    0.01
  620.17,    0.01
  620.41,    0.01
  620.65,    0.01
  620.89,    0.01
  621.13,    0.01
  621.37,    0.01
  621.61,    0.01
  621.85,    0.01
  622.09,    0.01
  622.33,    0.01
  622.57,    0.01
  622.81,    0.01
  623.05,    0.01
  623.29,    0.01
  623.53,    0.01
  623.77,    0.01
  624.01,    0.01
  624.25,    0.01
  624.49,    0.01
  624.73,    0.01
  624.97,    0.01
  625.21,    0.01
  625.45,    0.01
  625.69,    0.01
  625.93,    0.01
  626.17,    0.01
  626.41,    0.01
  626.65,    0.01
  626.89,    0.01
  627.13,    0.01
  627.37,    0.01
  627.61,    0.01
  627.85,    0.01
  628.09,    0.01
  628.33,    0.01
  628.57,    0.01
  628.80,    0.01
  629.04,    0.01
  629.28,    0.01
  629.52,    0.01
  629.76,    0.01
  630.00,    0.01
  630.24,    0.01
  630.48,    0.01
  630.72,    0.01
  630.96,    0.01
  631.20,    0.01
  631.44,    0.01
  631.68,    0.01
  631.92,    0.01
  632.16,    0.01
  632.40,    0.01
  632.64,    0.01
  632.88,    0.01
  633.12,    0.01
  633.36,    0.01
  633.59,    0.01
  633.83,    0.01
  634.07,    0.01
  634.31,    0.01
  634.55,    0.01
  634.79,    0.01
  635.03,    0.01
  635.27,    0.01
  635.51,    0.01
  635.75,    0.01
  635.99,    0.01
  636.23,    0.01
  636.46,    0.01
  636.70,    0.01
  636.94,    0.01
  637.18,    0.01
  637.42,    0.01
  637.66,    0.01
  637.90,    0.01
  638.14,    0.01
  638.38,    0.01
  638.62,    0.01
  638.85,    0.01
  639.09,    0.01
  639.33,    0.01
  639.57,    0.01
  639.81,    0.01
  640.05,    0.01
  640.29,    0.01
  640.53,    0.01
  640.77,    0.01
  641.00,    0.01
  641.24,    0.01
  641.48,    0.01
  641.72,    0.01
  641.96,    0.01
  642.20,    0.01
  642.44,    0.01
  642.68,    0.01
  642.91,    0.01
  643.15,    0.01
  643.39,    0.01
  643.63,    0.01
  643.87,    0.01
  644.11,    0.01
  644.35,    0.01
  644.58,    0.01
  644.82,    0.01
  645.06,    0.01
  645.30,    0.01
  645.54,    0.01
  645.78,    0.01
  646.01,    0.01
  646.25,    0.01
  646.49,    0.01
  646.73,    0.01
  646.97,    0.01
  647.21,    0.01
  647.44,    0.01
  647.68,    0.01
  647.92,    0.01
  648.16,    0.01
  648.40,    0.01
  648.64,    0.01
  648.87,    0.01
  649.11,    0.01
  649.35,    0.01
  649.59,    0.01
  649.83,    0.01
  650.06,    0.01
  650.30,    0.01
  650.54,    0.01
  650.78,    0.01
  651.02,    0.01
  651.26,    0.01
  651.49,    0.01
  651.73,    0.01
  651.97,    0.01
  652.21,    0.01
  652.45,    0.01
  652.68,    0.01
  652.92,    0.01
  653.16,    0.01
  653.40,    0.01
  653.63,    0.01
  653.87,    0.01
  654.11,    0.01
  654.35,    0.01
  654.59,    0.01
  654.82,    0.01
  655.06,    0.01
  655.30,    0.01
  655.54,    0.02
  655.77,    0.02
  656.01,    0.02
  656.25,    0.02
  656.49,    0.02
  656.73,    0.02
  656.96,    0.02
  657.20,    0.02
  657.44,    0.02
  657.68,    0.02
  657.91,    0.02
  658.15,    0.02
  658.39,    0.02
  658.63,    0.02
  658.86,    0.02
  659.10,    0.02
  659.34,    0.02
  659.58,    0.02
  659.81,    0.02
  660.05,    0.02
  660.29,    0.02
  660.52,    0.02
  660.76,    0.02
  661.00,    0.02
  661.24,    0.02
  661.47,    0.02
  661.71,    0.02
  661.95,    0.02
  662.19,    0.02
  662.42,    0.02
  662.66,    0.02
  662.90,    0.02
  663.13,    0.02
  663.37,    0.02
  663.61,    0.02
  663.85,    0.02
  664.08,    0.02
  664.32,    0.02
  664.56,    0.02
  664.79,    0.02
  665.03,    0.02
  665.27,    0.02
  665.50,    0.02
  665.74,    0.02
  665.98,    0.02
  666.22,    0.02
  666.45,    0.02
  666.69,    0.02
  666.93,    0.02
  667.16,    0.02
  667.40,    0.02
  667.64,    0.02
  667.87,    0.02
  668.11,    0.02
  668.35,    0.02
  668.58,    0.02
  668.82,    0.02
  669.06,    0.02
  669.29,    0.02
  669.53,    0.02
  669.77,    0.02
  670.00,    0.02
  670.24,    0.02
  670.48,    0.02
  670.71,    0.02
  670.95,    0.02
  671.19,    0.02
  671.42,    0.02
  671.66,    0.02
  671.90,    0.02
  672.13,    0.02
  672.37,    0.02
  672.61,    0.02
  672.84,    0.02
  673.08,    0.02
  673.32,    0.02
  673.55,    0.02
  673.79,    0.02
  674.02,    0.02
  674.26,    0.02
  674.50,    0.02
  674.73,    0.02
  674.97,    0.02
  675.21,    0.02
  675.44,    0.02
  675.68,    0.02
  675.91,    0.02
  676.15,    0.02
  676.39,    0.02
  676.62,    0.02
  676.86,    0.02
  677.10,    0.02
  677.33,    0.02
  677.57,    0.02
  677.80,    0.02
  678.04,    0.02
  678.28,    0.02
  678.51,    0.02
  678.75,    0.02
  678.98,    0.02
  679.22,    0.02
  679.46,    0.02
  679.69,    0.02
  679.93,    0.02
  680.16,    0.02
  680.40,    0.02
  680.64,    0.02
  680.87,    0.02
  681.11,    0.02
  681.34,    0.02
  681.58,    0.02
  681.81,    0.02
  682.05,    0.02
  682.29,    0.02
  682.52,    0.02
  682.76,    0.02
  682.99,    0.02
  683.23,    0.02
  683.46,    0.02
  683.70,    0.02
  683.94,    0.02
  684.17,    0.02
  684.41,    0.02
  684.64,    0.02
  684.88,    0.02
  685.11,    0.02
  685.35,    0.02
  685.58,    0.02
  685.82,    0.02
  686.06,    0.02
  686.29,    0.02
  686.53,    0.02
  686.76,    0.02
  687.00,    0.02
  687.23,    0.02
  687.47,    0.02
  687.70,    0.02
  687.94,    0.02
  688.17,    0.02
  688.41,    0.02
  688.64,    0.02
  688.88,    0.02
  689.12,    0.02
  689.35,    0.02
  689.59,    0.02
  689.82,    0.02
  690.06,    0.02
  690.29,    0.02
  690.53,    0.02
  690.76,    0.02
  691.00,    0.02
  691.23,    0.02
  691.47,    0.02
  691.70,    0.02
  691.94,    0.02
  692.17,    0.02
  692.41,    0.02
  692.64,    0.02
  692.88,    0.02
  693.11,    0.02
  693.35,    0.02
  693.58,    0.02
  693.82,    0.02
  694.05,    0.02
  694.29,    0.02
  694.52,    0.02
  694.76,    0.02
  694.99,    0.02
  695.23,    0.02
  695.46,    0.02
  695.69,    0.02
  695.93,    0.02
  696.16,    0.02
  696.40,    0.02
  696.63,    0.02
  696.87,    0.02
  697.10,    0.02
  697.34,    0.02
  697.57,    0.02
  697.81,    0.02
  698.04,    0.02
  698.28,    0.02
  698.51,    0.02
  698.75,    0.02
  698.98,    0.03
  699.21,    0.02
  699.45,    0.03
  699.68,    0.03
  699.92,    0.03
  700.15,    0.03
  700.39,    0.03
  700.62,    0.03
  700.86,    0.03
  701.09,    0.03
  701.32,    0.03
  701.56,    0.03
  701.79,    0.03
  702.03,    0.03
  702.26,    0.02
  702.50,    0.03
  702.73,    0.03
  702.96,    0.03
  703.20,    0.02
  703.43,    0.02
  703.67,    0.03
  703.90,    0.03
  704.13,    0.03
  704.37,    0.03
  704.60,    0.03
  704.84,    0.03
  705.07,    0.03
  705.30,    0.03
  705.54,    0.03
  705.77,    0.03
  706.01,    0.03
  706.24,    0.03
  706.47,    0.03
  706.71,    0.03
  706.94,    0.03
  707.18,    0.03
  707.41,    0.03
  707.64,    0.03
  707.88,    0.03
  708.11,    0.03
  708.35,    0.03
  708.58,    0.03
  708.81,    0.03
  709.05,    0.03
  709.28,    0.03
  709.51,    0.03
  709.75,    0.03
  709.98,    0.03
  710.22,    0.03
  710.45,    0.03
  710.68,    0.03
  710.92,    0.03
  711.15,    0.03
  711.38,    0.03
  711.62,    0.03
  711.85,    0.03
  712.08,    0.03
  712.32,    0.03
  712.55,    0.03
  712.79,    0.03
  713.02,    0.03
  713.25,    0.03
  713.49,    0.03
  713.72,    0.03
  713.95,    0.03
  714.19,    0.03
  714.42,    0.03
  714.65,    0.03
  714.89,    0.03
  715.12,    0.03
  715.35,    0.03
  715.59,    0.03
  715.82,    0.03
  716.05,    0.03
  716.29,    0.03
  716.52,    0.03
  716.75,    0.03
  716.98,    0.03
  717.22,    0.03
  717.45,    0.03
  717.68,    0.03
  717.92,    0.03
  718.15,    0.03
  718.38,    0.03
  718.62,    0.03
  718.85,    0.03
  719.08,    0.03
  719.32,    0.03
  719.55,    0.03
  719.78,    0.03
  720.01,    0.03
  720.25,    0.03
  720.48,    0.03
  720.71,    0.03
  720.95,    0.03
  721.18,    0.03
  721.41,    0.03
  721.64,    0.03
  721.88,    0.03
  722.11,    0.03
  722.34,    0.03
  722.58,    0.03
  722.81,    0.03
  723.04,    0.03
  723.27,    0.03
  723.51,    0.03
  723.74,    0.03
  723.97,    0.03
  724.20,    0.03
  724.44,    0.03
  724.67,    0.03
  724.90,    0.03
  725.13,    0.03
  725.37,    0.03
  725.60,    0.03
  725.83,    0.03
  726.06,    0.03
  726.30,    0.03
  726.53,    0.03
  726.76,    0.03
  726.99,    0.03
  727.23,    0.03
  727.46,    0.03
  727.69,    0.03
  727.92,    0.03
  728.16,    0.03
  728.39,    0.03
  728.62,    0.03
  728.85,    0.03
  729.09,    0.03
  729.32,    0.03
  729.55,    0.03
  729.78,    0.03
  730.01,    0.03
  730.25,    0.03
  730.48,    0.03
  730.71,    0.03
  730.94,    0.03
  731.18,    0.03
  731.41,    0.03
  731.64,    0.03
  731.87,    0.03
  732.10,    0.03
  732.34,    0.03
  732.57,    0.03
  732.80,    0.03
  733.03,    0.03
  733.26,    0.03
  733.50,    0.03
  733.73,    0.03
  733.96,    0.03
  734.19,    0.03
  734.42,    0.03
  734.65,    0.03
  734.89,    0.03
  735.12,    0.03
  735.35,    0.03
  735.58,    0.03
  735.81,    0.03
  736.05,    0.03
  736.28,    0.03
  736.51,    0.03
  736.74,    0.03
  736.97,    0.03
  737.20,    0.03
  737.44,    0.03
  737.67,    0.03
  737.90,    0.03
  738.13,    0.03
  738.36,    0.03
  738.59,    0.03
  738.83,    0.03
  739.06,    0.03
  739.29,    0.03
  739.52,    0.03
  739.75,    0.03
  739.98,    0.03
  740.21,    0.03
  740.45,    0.03
  740.68,    0.03
  740.91,    0.03
  741.14,    0.03
  741.37,    0.03
  741.60,    0.03
  741.83,    0.03
  742.06,    0.03
  742.30,    0.03
  742.53,    0.03
  742.76,    0.03
  742.99,    0.03
  743.22,    0.03
  743.45,    0.03
  743.68,    0.03
  743.91,    0.03
  744.15,    0.03
  744.38,    0.03
  744.61,    0.03
  744.84,    0.03
  745.07,    0.03
  745.30,    0.03
  745.53,    0.03
  745.76,    0.03
  745.99,    0.03
  746.23,    0.03
  746.46,    0.03
  746.69,    0.03
  746.92,    0.03
  747.15,    0.03
  747.38,    0.03
  747.61,    0.03
  747.84,    0.03
  748.07,    0.03
  748.30,    0.03
  748.53,    0.03
  748.76,    0.03
  749.00,    0.03
  749.23,    0.03
  749.46,    0.03
  749.69,    0.03
  749.92,    0.03
  750.15,    0.03
  750.38,    0.03
  750.61,    0.03
  750.84,    0.03
  751.07,    0.03
  751.30,    0.03
  751.53,    0.03
  751.76,    0.03
  751.99,    0.03
  752.22,    0.03
  752.46,    0.03
  752.69,    0.03
  752.92,    0.03
  753.15,    0.03
  753.38,    0.03
  753.61,    0.04
  753.84,    0.04
  754.07,    0.03
  754.30,    0.03
  754.53,    0.04
  754.76,    0.04
  754.99,    0.04
  755.22,    0.04
  755.45,    0.04
  755.68,    0.04
  755.91,    0.04
  756.14,    0.04
  756.37,    0.04
  756.60,    0.04
  756.83,    0.04
  757.06,    0.04
  757.29,    0.04
  757.52,    0.04
  757.75,    0.04
  757.98,    0.04
  758.21,    0.04
  758.44,    0.04
  758.67,    0.04
  758.90,    0.04
  759.13,    0.04
  759.36,    0.04
  759.59,    0.04
  759.82,    0.04
  760.05,    0.04
  760.28,    0.04
  760.51,    0.04
  760.74,    0.04
  760.97,    0.04
  761.20,    0.04
  761.43,    0.03
  761.66,    0.03
  761.89,    0.04
  762.12,    0.04
  762.35,    0.03
  762.58,    0.04
  762.81,    0.04
  763.04,    0.04
  763.27,    0.04
  763.50,    0.04
  763.73,    0.04
  763.96,    0.04
  764.19,    0.04
  764.42,    0.04
  764.65,    0.04
  764.88,    0.04
  765.11,    0.04
  765.34,    0.04
  765.57,    0.04
  765.79,    0.04
  766.02,    0.04
  766.25,    0.04
  766.48,    0.04
  766.71,    0.04
  766.94,    0.04
  767.17,    0.04
  767.40,    0.04
  767.63,    0.04
  767.86,    0.04
  768.09,    0.04
  768.32,    0.04
  768.55,    0.04
  768.78,    0.04
  769.01,    0.04
  769.24,    0.04
  769.46,    0.04
  769.69,    0.04
  769.92,    0.04
  770.15,    0.04
  770.38,    0.04
  770.61,    0.04
  770.84,    0.04
  771.07,    0.04
  771.30,    0.04
  771.53,    0.04
  771.76,    0.04
  771.98,    0.04
  772.21,    0.04
  772.44,    0.04
  772.67,    0.04
  772.90,    0.04
  773.13,    0.04
  773.36,    0.04
  773.59,    0.04
  773.82,    0.04
  774.05,    0.04
  774.27,    0.04
  774.50,    0.04
  774.73,    0.04
  774.96,    0.04
  775.19,    0.04
  775.42,    0.04
  775.65,    0.04
  775.88,    0.04
  776.10,    0.04
  776.33,    0.04
  776.56,    0.04
  776.79,    0.04
  777.02,    0.04
  777.25,    0.04
  777.48,    0.04
  777.71,    0.04
  777.93,    0.04
  778.16,    0.04
  778.39,    0.04
  778.62,    0.04
  778.85,    0.04
  779.08,    0.04
  779.30,    0.04
  779.53,    0.04
  779.76,    0.04
  779.99,    0.04
  780.22,    0.04
  780.45,    0.04
  780.68,    0.04
  780.90,    0.04
  781.13,    0.04
  781.36,    0.04
  781.59,    0.04
  781.82,    0.04
  782.05,    0.04
  782.27,    0.04
  782.50,    0.04
  782.73,    0.04
  782.96,    0.04
  783.19,    0.04
  783.41,    0.04
  783.64,    0.04
  783.87,    0.04
  784.10,    0.04
  784.33,    0.04
  784.55,    0.04
  784.78,    0.04
  785.01,    0.04
  785.24,    0.04
  785.47,    0.04
  785.69,    0.04
  785.92,    0.04
  786.15,    0.04
  786.38,    0.04
  786.61,    0.04
  786.83,    0.04
  787.06,    0.04
  787.29,    0.04
  787.52,    0.04
  787.75,    0.04
  787.97,    0.04
  788.20,    0.04
  788.43,    0.04
  788.66,    0.04
  788.88,    0.04
  789.11,    0.04
  789.34,    0.04
  789.57,    0.04
  789.80,    0.04
  790.02,    0.04
  790.25,    0.04
  790.48,    0.04
  790.71,    0.04
  790.93,    0.04
  791.16,    0.04
  791.39,    0.04
  791.62,    0.04
  791.84,    0.04
  792.07,    0.04
  792.30,    0.04
  792.53,    0.04
  792.75,    0.04
  792.98,    0.04
  793.21,    0.04
  793.44,    0.04
  793.66,    0.04
  793.89,    0.04
  794.12,    0.04
  794.35,    0.04
  794.57,    0.04
  794.80,    0.04
  795.03,    0.04
  795.25,    0.04
  795.48,    0.04
  795.71,    0.04
  795.94,    0.04
  796.16,    0.04
  796.39,    0.04
  796.62,    0.04
  796.84,    0.04
  797.07,    0.04
  797.30,    0.04
  797.53,    0.04
  797.75,    0.04
  797.98,    0.04
  798.21,    0.04
  798.43,    0.04
  798.66,    0.04
  798.89,    0.04
  799.12,    0.04
  799.34,    0.04
  799.57,    0.04
  799.80,    0.04
  800.02,    0.04
  800.25,    0.04
  800.48,    0.04
  800.70,    0.04
  800.93,    0.04
  801.16,    0.04
  801.38,    0.04
  801.61,    0.04
  801.84,    0.04
  802.06,    0.04
  802.29,    0.04
  802.52,    0.04
  802.74,    0.04
  802.97,    0.04
  803.20,    0.04
  803.42,    0.04
  803.65,    0.04
  803.88,    0.04
  804.10,    0.04
  804.33,    0.04
  804.56,    0.04
  804.78,    0.04
  805.01,    0.04
  805.24,    0.04
  805.46,    0.04
  805.69,    0.04
  805.92,    0.04
  806.14,    0.04
  806.37,    0.04
  806.60,    0.04
  806.82,    0.04
  807.05,    0.04
  807.27,    0.04
  807.50,    0.04
  807.73,    0.04
  807.95,    0.04
  808.18,    0.04
  808.41,    0.04
  808.63,    0.04
  808.86,    0.04
  809.08,    0.04
  809.31,    0.04
  809.54,    0.04
  809.76,    0.04
  809.99,    0.04
  810.22,    0.04
  810.44,    0.04
  810.67,    0.04
  810.89,    0.04
  811.12,    0.05
  811.35,    0.05
  811.57,    0.05
  811.80,    0.05
  812.02,    0.05
  812.25,    0.05
  812.48,    0.05
  812.70,    0.05
  812.93,    0.05
  813.15,    0.05
  813.38,    0.05
  813.60,    0.05
  813.83,    0.05
  814.06,    0.05
  814.28,    0.05
  814.51,    0.05
  814.73,    0.05
  814.96,    0.05
  815.19,    0.05
  815.41,    0.05
  815.64,    0.05
  815.86,    0.05
  816.09,    0.05
  816.31,    0.05
  816.54,    0.05
  816.76,    0.05
  816.99,    0.05
  817.22,    0.05
  817.44,    0.05
  817.67,    0.05
  817.89,    0.05
  818.12,    0.05
  818.34,    0.05
  818.57,    0.05
  818.79,    0.05
  819.02,    0.05
  819.25,    0.05
  819.47,    0.05
  819.70,    0.05
  819.92,    0.05
  820.15,    0.05
  820.37,    0.05
  820.60,    0.05
  820.82,    0.05
  821.05,    0.05
  821.27,    0.05
  821.50,    0.05
  821.72,    0.05
  821.95,    0.05
  822.17,    0.05
  822.40,    0.05
  822.62,    0.05
  822.85,    0.05
  823.07,    0.05
  823.30,    0.05
  823.52,    0.05
  823.75,    0.05
  823.97,    0.05
  824.20,    0.05
  824.42,    0.05
  824.65,    0.05
  824.87,    0.05
  825.10,    0.05
  825.32,    0.05
  825.55,    0.05
  825.77,    0.05
  826.00,    0.05
  826.22,    0.05
  826.45,    0.05
  826.67,    0.05
  826.90,    0.05
  827.12,    0.05
  827.35,    0.05
  827.57,    0.05
  827.80,    0.05
  828.02,    0.05
  828.25,    0.05
  828.47,    0.05
  828.70,    0.05
  828.92,    0.05
  829.15,    0.05
  829.37,    0.05
  829.60,    0.05
  829.82,    0.05
  830.04,    0.05
  830.27,    0.05
  830.49,    0.05
  830.72,    0.05
  830.94,    0.05
  831.17,    0.05
  831.39,    0.05
  831.62,    0.05
  831.84,    0.05
  832.07,    0.05
  832.29,    0.05
  832.51,    0.05
  832.74,    0.05
  832.96,    0.05
  833.19,    0.05
  833.41,    0.05
  833.64,    0.05
  833.86,    0.05
  834.08,    0.05
  834.31,    0.05
  834.53,    0.05
  834.76,    0.05
  834.98,    0.05
  835.21,    0.05
  835.43,    0.05
  835.65,    0.05
  835.88,    0.05
  836.10,    0.05
  836.33,    0.05
  836.55,    0.05
  836.77,    0.05
  837.00,    0.05
  837.22,    0.05
  837.45,    0.05
  837.67,    0.05
  837.89,    0.05
  838.12,    0.05
  838.34,    0.05
  838.57,    0.05
  838.79,    0.05
  839.01,    0.05
  839.24,    0.05
  839.46,    0.05
  839.69,    0.05
  839.91,    0.05
  840.13,    0.05
  840.36,    0.05
  840.58,    0.05
  840.80,    0.05
  841.03,    0.05
  841.25,    0.05
  841.48,    0.05
  841.70,    0.05
  841.92,    0.05
  842.15,    0.05
  842.37,    0.05
  842.59,    0.05
  842.82,    0.05
  843.04,    0.05
  843.26,    0.05
  843.49,    0.05
  843.71,    0.05
  843.93,    0.05
  844.16,    0.05
  844.38,    0.05
  844.60,    0.05
  844.83,    0.05
  845.05,    0.05
  845.28,    0.05
  845.50,    0.05
  845.72,    0.05
  845.95,    0.05
  846.17,    0.05
  846.39,    0.05
  846.62,    0.05
  846.84,    0.05
  847.06,    0.05
  847.28,    0.05
  847.51,    0.05
  847.73,    0.05
  847.95,    0.05
  848.18,    0.05
  848.40,    0.05
  848.62,    0.05
  848.85,    0.05
  849.07,    0.05
  849.29,    0.05
  849.52,    0.05
  849.74,    0.05
  849.96,    0.05
  850.19,    0.05
  850.41,    0.05
  850.63,    0.05
  850.85,    0.05
  851.08,    0.05
  851.30,    0.05
  851.52,    0.05
  851.75,    0.05
  851.97,    0.05
  852.19,    0.05
  852.41,    0.05
  852.64,    0.05
  852.86,    0.05
  853.08,    0.05
  853.31,    0.05
  853.53,    0.05
  853.75,    0.05
  853.97,    0.05
  854.20,    0.05
  854.42,    0.05
  854.64,    0.05
  854.86,    0.05
  855.09,    0.05
  855.31,    0.05
  855.53,    0.05
  855.76,    0.05
  855.98,    0.05
  856.20,    0.05
  856.42,    0.05
  856.65,    0.05
  856.87,    0.05
  857.09,    0.05
  857.31,    0.05
  857.54,    0.05
  857.76,    0.05
  857.98,    0.05
  858.20,    0.05
  858.42,    0.05
  858.65,    0.05
  858.87,    0.05
  859.09,    0.05
  859.31,    0.05
  859.54,    0.05
  859.76,    0.05
  859.98,    0.05
  860.20,    0.05
  860.43,    0.05
  860.65,    0.05
  860.87,    0.05
  861.09,    0.05
  861.31,    0.05
  861.54,    0.05
  861.76,    0.05
  861.98,    0.05
  862.20,    0.05
  862.42,    0.06
  862.65,    0.06
  862.87,    0.06
  863.09,    0.06
  863.31,    0.06
  863.53,    0.06
  863.76,    0.06
  863.98,    0.06
  864.20,    0.06
  864.42,    0.06
  864.64,    0.05
  864.87,    0.06
  865.09,    0.06
  865.31,    0.06
  865.53,    0.06
  865.75,    0.06
  865.97,    0.06
  866.20,    0.06
  866.42,    0.06
  866.64,    0.06
  866.86,    0.06
  867.08,    0.06
  867.31,    0.06
  867.53,    0.06
  867.75,    0.06
  867.97,    0.06
  868.19,    0.06
  868.41,    0.06
  868.63,    0.06
  868.86,    0.06
  869.08,    0.06
  869.30,    0.06
  869.52,    0.06
  869.74,    0.06
  869.96,    0.06
  870.19,    0.06
  870.41,    0.06
  870.63,    0.06
  870.85,    0.06
  871.07,    0.06
  871.29,    0.06
  871.51,    0.06
  871.73,    0.06
  871.96,    0.06
  872.18,    0.06
  872.40,    0.06
  872.62,    0.06
  872.84,    0.06
  873.06,    0.06
  873.28,    0.06
  873.50,    0.06
  873.73,    0.06
  873.95,    0.06
  874.17,    0.06
  874.39,    0.06
  874.61,    0.06
  874.83,    0.06
  875.05,    0.06
  875.27,    0.06
  875.49,    0.06
  875.72,    0.06
  875.94,    0.06
  876.16,    0.06
  876.38,    0.06
  876.60,    0.06
  876.82,    0.06
  877.04,    0.06
  877.26,    0.06
  877.48,    0.06
  877.70,    0.06
  877.92,    0.06
  878.15,    0.06
  878.37,    0.06
  878.59,    0.06
  878.81,    0.06
  879.03,    0.06
  879.25,    0.06
  879.47,    0.06
  879.69,    0.06
  879.91,    0.06
  880.13,    0.06
  880.35,    0.06
  880.57,    0.06
  880.79,    0.06
  881.01,    0.06
  881.24,    0.06
  881.46,    0.06
  881.68,    0.06
  881.90,    0.06
  882.12,    0.06
  882.34,    0.06
  882.56,    0.06
  882.78,    0.06
  883.00,    0.06
  883.22,    0.06
  883.44,    0.06
  883.66,    0.06
  883.88,    0.06
  884.10,    0.06
  884.32,    0.06
  884.54,    0.06
  884.76,    0.06
  884.98,    0.06
  885.20,    0.06
  885.42,    0.06
  885.64,    0.06
  885.86,    0.06
  886.08,    0.06
  886.30,    0.06
  886.52,    0.06
  886.74,    0.06
  886.96,    0.06
  887.18,    0.06
  887.40,    0.06
  887.62,    0.06
  887.84,    0.06
  888.06,    0.06
  888.28,    0.06
  888.50,    0.06
  888.72,    0.06
  888.94,    0.06
  889.16,    0.06
  889.38,    0.06
  889.60,    0.06
  889.82,    0.06
  890.04,    0.06
  890.26,    0.06
  890.48,    0.06
  890.70,    0.06
  890.92,    0.06
  891.14,    0.06
  891.36,    0.06
  891.58,    0.06
  891.80,    0.06
  892.02,    0.06
  892.24,    0.06
  892.46,    0.06
  892.68,    0.06
  892.90,    0.06
  893.12,    0.06
  893.34,    0.06
  893.56,    0.06
  893.78,    0.06
  894.00,    0.06
  894.22,    0.06
  894.44,    0.06
  894.66,    0.06
  894.88,    0.06
  895.10,    0.06
  895.32,    0.06
  895.54,    0.06
  895.76,    0.06
  895.97,    0.06
  896.19,    0.06
  896.41,    0.06
  896.63,    0.06
  896.85,    0.06
  897.07,    0.06
  897.29,    0.06
  897.51,    0.06
  897.73,    0.06
  897.95,    0.06
  898.17,    0.06
  898.39,    0.06
  898.61,    0.06
  898.83,    0.06
  899.04,    0.06
  899.26,    0.06
  899.48,    0.06
  899.70,    0.06
  899.92,    0.06
  900.14,    0.06
  900.36,    0.06
  900.58,    0.06
  900.80,    0.06
  901.02,    0.06
  901.24,    0.06
  901.45,    0.06
  901.67,    0.06
  901.89,    0.06
  902.11,    0.06
  902.33,    0.06
  902.55,    0.06
  902.77,    0.06
  902.99,    0.06
  903.21,    0.06
  903.42,    0.06
  903.64,    0.06
  903.86,    0.06
  904.08,    0.06
  904.30,    0.06
  904.52,    0.06
  904.74,    0.06
  904.96,    0.06
  905.17,    0.06
  905.39,    0.06
  905.61,    0.06
  905.83,    0.06
  906.05,    0.06
  906.27,    0.06
  906.49,    0.06
  906.70,    0.06
  906.92,    0.06
  907.14,    0.06
  907.36,    0.06
  907.58,    0.06
  907.80,    0.06
  908.02,    0.06
  908.23,    0.06
  908.45,    0.07
  908.67,    0.07
  908.89,    0.07
  909.11,    0.06
  909.33,    0.07
  909.54,    0.06
  909.76,    0.06
  909.98,    0.06
  910.20,    0.06
  910.42,    0.06
  910.64,    0.06
  910.85,    0.06
  911.07,    0.06
  911.29,    0.06
  911.51,    0.06
  911.73,    0.06
  911.94,    0.06
  912.16,    0.07
  912.38,    0.07
  912.60,    0.07
  912.82,    0.06
  913.03,    0.06
  913.25,    0.06
  913.47,    0.06
  913.69,    0.06
  913.91,    0.06
  914.12,    0.06
  914.34,    0.06
  914.56,    0.06
  914.78,    0.06
  915.00,    0.07
  915.21,    0.07
  915.43,    0.07
  915.65,    0.07
  915.87,    0.07
  916.09,    0.07
  916.30,    0.07
  916.52,    0.07
  916.74,    0.07
  916.96,    0.07
  917.17,    0.07
  917.39,    0.07
  917.61,    0.07
  917.83,    0.07
  918.05,    0.07
  918.26,    0.07
  918.48,    0.07
  918.70,    0.07
  918.92,    0.07
  919.13,    0.07
  919.35,    0.07
  919.57,    0.07
  919.79,    0.07
  920.00,    0.07
  920.22,    0.07
  920.44,    0.07
  920.66,    0.07
  920.87,    0.07
  921.09,    0.07
  921.31,    0.07
  921.53,    0.07
  921.74,    0.07
  921.96,    0.07
  922.18,    0.07
  922.39,    0.07
  922.61,    0.07
  922.83,    0.07
  923.05,    0.07
  923.26,    0.07
  923.48,    0.07
  923.70,    0.07
  923.92,    0.07
  924.13,    0.07
  924.35,    0.07
  924.57,    0.07
  924.78,    0.07
  925.00,    0.07
  925.22,    0.07
  925.44,    0.07
  925.65,    0.07
  925.87,    0.07
  926.09,    0.07
  926.30,    0.07
  926.52,    0.07
  926.74,    0.07
  926.95,    0.07
  927.17,    0.07
  927.39,    0.07
  927.60,    0.07
  927.82,    0.07
  928.04,    0.07
  928.26,    0.07
  928.47,    0.07
  928.69,    0.07
  928.91,    0.07
  929.12,    0.07
  929.34,    0.07
  929.56,    0.07
  929.77,    0.07
  929.99,    0.07
  930.21,    0.07
  930.42,    0.07
  930.64,    0.07
  930.86,    0.07
  931.07,    0.07
  931.29,    0.07
  931.51,    0.07
  931.72,    0.07
  931.94,    0.07
  932.16,    0.07
  932.37,    0.07
  932.59,    0.07
  932.81,    0.07
  933.02,    0.07
  933.24,    0.07
  933.45,    0.07
  933.67,    0.07
  933.89,    0.07
  934.10,    0.07
  934.32,    0.07
  934.54,    0.07
  934.75,    0.07
  934.97,    0.07
  935.19,    0.07
  935.40,    0.07
  935.62,    0.07
  935.83,    0.07
  936.05,    0.07
  936.27,    0.07
  936.48,    0.07
  936.70,    0.07
  936.91,    0.07
  937.13,    0.07
  937.35,    0.07
  937.56,    0.07
  937.78,    0.07
  938.00,    0.07
  938.21,    0.07
  938.43,    0.07
  938.64,    0.07
  938.86,    0.07
  939.08,    0.07
  939.29,    0.07
  939.51,    0.07
  939.72,    0.07
  939.94,    0.07
  940.15,    0.07
  940.37,    0.07
  940.59,    0.07
  940.80,    0.07
  941.02,    0.07
  941.23,    0.07
  941.45,    0.07
  941.67,    0.07
  941.88,    0.07
  942.10,    0.07
  942.31,    0.07
  942.53,    0.07
  942.74,    0.07
  942.96,    0.07
  943.18,    0.07
  943.39,    0.07
  943.61,    0.07
  943.82,    0.07
  944.04,    0.07
  944.25,    0.07
  944.47,    0.07
  944.68,    0.07
  944.90,    0.07
  945.12,    0.07
  945.33,    0.07
  945.55,    0.07
  945.76,    0.07
  945.98,    0.07
  946.19,    0.07
  946.41,    0.07
  946.62,    0.07
  946.84,    0.07
  947.05,    0.07
  947.27,    0.07
  947.48,    0.07
  947.70,    0.07
  947.91,    0.07
  948.13,    0.07
  948.35,    0.07
  948.56,    0.07
  948.78,    0.07
  948.99,    0.07
  949.21,    0.07
  949.42,    0.07
  949.64,    0.07
  949.85,    0.07
  950.07,    0.07
  950.28,    0.07
  950.50,    0.07
  950.71,    0.07
  950.93,    0.07
  951.14,    0.07
  951.36,    0.07
  951.57,    0.07
  951.79,    0.07
  952.00,    0.07
  952.22,    0.07
  952.43,    0.08
  952.65,    0.08
  952.86,    0.08
  953.08,    0.08
  953.29,    0.07
  953.51,    0.08
  953.72,    0.08
  953.93,    0.08
  954.15,    0.08
  954.36,    0.08
  954.58,    0.08
  954.79,    0.08
  955.01,    0.08
  955.22,    0.08
  955.44,    0.08
  955.65,    0.08
  955.87,    0.08
  956.08,    0.08
  956.30,    0.08
  956.51,    0.08
  956.73,    0.08
  956.94,    0.08
  957.15,    0.08
  957.37,    0.08
  957.58,    0.08
  957.80,    0.08
  958.01,    0.08
  958.23,    0.08
  958.44,    0.08
  958.66,    0.08
  958.87,    0.08
  959.08,    0.08
  959.30,    0.08
  959.51,    0.08
  959.73,    0.08
  959.94,    0.08
  960.16,    0.08
  960.37,    0.08
  960.58,    0.08
  960.80,    0.08
  961.01,    0.08
  961.23,    0.08
  961.44,    0.08
  961.65,    0.08
  961.87,    0.08
  962.08,    0.08
  962.30,    0.08
  962.51,    0.08
  962.73,    0.08
  962.94,    0.08
  963.15,    0.08
  963.37,    0.08
  963.58,    0.08
  963.80,    0.08
  964.01,    0.08
  964.22,    0.08
  964.44,    0.08
  964.65,    0.08
  964.86,    0.08
  965.08,    0.08
  965.29,    0.08
  965.51,    0.08
  965.72,    0.08
  965.93,    0.08
  966.15,    0.08
  966.36,    0.08
  966.58,    0.08
  966.79,    0.08
  967.00,    0.08
  967.22,    0.08
  967.43,    0.08
  967.64,    0.08
  967.86,    0.08
  968.07,    0.08
  968.28,    0.08
  968.50,    0.08
  968.71,    0.08
  968.93,    0.08
  969.14,    0.08
  969.35,    0.08
  969.57,    0.08
  969.78,    0.08
  969.99,    0.08
  970.21,    0.08
  970.42,    0.08
  970.63,    0.08
  970.85,    0.08
  971.06,    0.08
  971.27,    0.08
  971.49,    0.08
  971.70,    0.08
  971.91,    0.08
  972.13,    0.08
  972.34,    0.08
  972.55,    0.08
  972.77,    0.08
  972.98,    0.08
  973.19,    0.08
  973.41,    0.08
  973.62,    0.09
  973.83,    0.08
  974.05,    0.08
  974.26,    0.08
  974.47,    0.08
  974.68,    0.08
  974.90,    0.08
  975.11,    0.08
  975.32,    0.08
  975.54,    0.08
  975.75,    0.08
  975.96,    0.08
  976.18,    0.09
  976.39,    0.09
  976.60,    0.09
  976.81,    0.09
  977.03,    0.09
  977.24,    0.08
  977.45,    0.08
  977.67,    0.08
  977.88,    0.08
  978.09,    0.08
  978.30,    0.08
  978.52,    0.08
  978.73,    0.08
  978.94,    0.08
  979.16,    0.08
  979.37,    0.08
  979.58,    0.08
  979.79,    0.08
  980.01,    0.08
  980.22,    0.08
  980.43,    0.08
  980.64,    0.09
  980.86,    0.09
  981.07,    0.09
  981.28,    0.09
  981.49,    0.09
  981.71,    0.08
  981.92,    0.08
  982.13,    0.08
  982.34,    0.08
  982.56,    0.09
  982.77,    0.09
  982.98,    0.08
  983.19,    0.08
  983.41,    0.08
  983.62,    0.08
  983.83,    0.09
  984.04,    0.09
  984.26,    0.09
  984.47,    0.09
  984.68,    0.09
  984.89,    0.09
  985.10,    0.09
  985.32,    0.09
  985.53,    0.09
  985.74,    0.09
  985.95,    0.09
  986.16,    0.09
  986.38,    0.09
  986.59,    0.09
  986.80,    0.09
  987.01,    0.09
  987.23,    0.09
  987.44,    0.09
  987.65,    0.09
  987.86,    0.09
  988.07,    0.09
  988.29,    0.09
  988.50,    0.09
  988.71,    0.09
  988.92,    0.09
  989.13,    0.09
  989.34,    0.09
  989.56,    0.09
  989.77,    0.09
  989.98,    0.09
  990.19,    0.09
  990.40,    0.09
  990.62,    0.09
  990.83,    0.09
  991.04,    0.09
  991.25,    0.09
  991.46,    0.09
  991.67,    0.09
  991.89,    0.09
  992.10,    0.09
  992.31,    0.09
  992.52,    0.09
  992.73,    0.09
  992.94,    0.09
  993.16,    0.09
  993.37,    0.09
  993.58,    0.09
  993.79,    0.09
  994.00,    0.09
  994.21,    0.09
  994.42,    0.09
  994.64,    0.09
  994.85,    0.09
  995.06,    0.09
  995.27,    0.09
  995.48,    0.09
  995.69,    0.09
  995.90,    0.09
  996.12,    0.09
  996.33,    0.09
  996.54,    0.09
  996.75,    0.09
  996.96,    0.09
  997.17,    0.09
  997.38,    0.09
  997.59,    0.09
  997.81,    0.09
  998.02,    0.09
  998.23,    0.09
  998.44,    0.09
  998.65,    0.09
  998.86,    0.09
  999.07,    0.09
  999.28,    0.09
  999.49,    0.09
  999.71,    0.09
  999.92,    0.09
 1000.13,    0.09
 1000.34,    0.09
 1000.55,    0.09
 1000.76,    0.09
 1000.97,    0.09
 1001.18,    0.10
 1001.39,    0.10
 1001.60,    0.10
 1001.82,    0.10
 1002.03,    0.10
 1002.24,    0.10
 1002.45,    0.10
 1002.66,    0.09
 1002.87,    0.09
 1003.08,    0.09
 1003.29,    0.09
 1003.50,    0.09
 1003.71,    0.09
 1003.92,    0.09
 1004.13,    0.09
 1004.34,    0.09
 1004.55,    0.09
 1004.77,    0.09
 1004.98,    0.09
 1005.19,    0.10
 1005.40,    0.10
 1005.61,    0.10
 1005.82,    0.10
 1006.03,    0.10
 1006.24,    0.10
 1006.45,    0.10
 1006.66,    0.10
 1006.87,    0.10
 1007.08,    0.10
 1007.29,    0.10
 1007.50,    0.10
 1007.71,    0.10
 1007.92,    0.10
 1008.13,    0.10
 1008.34,    0.10
 1008.55,    0.10
 1008.76,    0.10
 1008.97,    0.10
 1009.18,    0.10
 1009.39,    0.10
 1009.60,    0.10
 1009.81,    0.10
 1010.02,    0.10
 1010.23,    0.10
 1010.45,    0.10
 1010.66,    0.10
 1010.87,    0.10
 1011.08,    0.10
 1011.29,    0.10
 1011.50,    0.10
 1011.71,    0.10
 1011.92,    0.10
 1012.13,    0.10
 1012.34,    0.10
 1012.55,    0.10
 1012.76,    0.10
 1012.97,    0.10
 1013.18,    0.10
 1013.39,    0.10
 1013.60,    0.10
 1013.80,    0.10
 1014.01,    0.10
 1014.22,    0.10
 1014.43,    0.10
 1014.64,    0.10
 1014.85,    0.10
 1015.06,    0.10
 1015.27,    0.10
 1015.48,    0.10
 1015.69,    0.10
 1015.90,    0.10
 1016.11,    0.10
 1016.32,    0.10
 1016.53,    0.10
 1016.74,    0.10
 1016.95,    0.10
 1017.16,    0.10
 1017.37,    0.10
 1017.58,    0.10
 1017.79,    0.10
 1018.00,    0.10
 1018.21,    0.10
 1018.42,    0.10
 1018.63,    0.10
 1018.84,    0.10
 1019.05,    0.10
 1019.26,    0.10
 1019.46,    0.10
 1019.67,    0.10
 1019.88,    0.10
 1020.09,    0.11
 1020.30,    0.10
 1020.51,    0.10
 1020.72,    0.10
 1020.93,    0.10
 1021.14,    0.10
 1021.35,    0.10
 1021.56,    0.10
 1021.77,    0.10
 1021.98,    0.10
 1022.19,    0.10
 1022.39,    0.10
 1022.60,    0.10
 1022.81,    0.10
 1023.02,    0.10
 1023.23,    0.10
 1023.44,    0.10
 1023.65,    0.10
 1023.86,    0.10
 1024.07,    0.10
 1024.28,    0.10
 1024.48,    0.10
 1024.69,    0.10
 1024.90,    0.10
 1025.11,    0.10
 1025.32,    0.10
 1025.53,    0.10
 1025.74,    0.10
 1025.95,    0.10
 1026.16,    0.10
 1026.36,    0.10
 1026.57,    0.10
 1026.78,    0.10
 1026.99,    0.10
 1027.20,    0.10
 1027.41,    0.10
 1027.62,    0.11
 1027.83,    0.10
 1028.03,    0.10
 1028.24,    0.10
 1028.45,    0.10
 1028.66,    0.10
 1028.87,    0.10
 1029.08,    0.10
 1029.29,    0.10
 1029.49,    0.10
 1029.70,    0.10
 1029.91,    0.10
 1030.12,    0.10
 1030.33,    0.10
 1030.54,    0.10
 1030.75,    0.10
 1030.95,    0.10
 1031.16,    0.10
 1031.37,    0.10
 1031.58,    0.10
 1031.79,    0.11
 1032.00,    0.10
 1032.20,    0.10
 1032.41,    0.10
 1032.62,    0.10
 1032.83,    0.10
 1033.04,    0.10
 1033.25,    0.10
 1033.45,    0.10
 1033.66,    0.10
 1033.87,    0.10
 1034.08,    0.10
 1034.29,    0.10
 1034.49,    0.10
 1034.70,    0.10
 1034.91,    0.10
 1035.12,    0.10
 1035.33,    0.10
 1035.54,    0.10
 1035.74,    0.10
 1035.95,    0.10
 1036.16,    0.10
 1036.37,    0.10
 1036.58,    0.10
 1036.78,    0.10
 1036.99,    0.11
 1037.20,    0.10
 1037.41,    0.10
 1037.61,    0.10
 1037.82,    0.10
 1038.03,    0.10
 1038.24,    0.10
 1038.45,    0.10
 1038.65,    0.10
 1038.86,    0.10
 1039.07,    0.10
 1039.28,    0.10
 1039.49,    0.10
 1039.69,    0.10
 1039.90,    0.10
 1040.11,    0.10
 1040.32,    0.10
 1040.52,    0.10
 1040.73,    0.10
 1040.94,    0.10
 1041.15,    0.10
 1041.35,    0.10
 1041.56,    0.10
 1041.77,    0.10
 1041.98,    0.10
 1042.18,    0.10
 1042.39,    0.10
 1042.60,    0.10
 1042.81,    0.10
 1043.01,    0.10
 1043.22,    0.10
 1043.43,    0.10
 1043.64,    0.10
 1043.84,    0.10
 1044.05,    0.10
 1044.26,    0.10
 1044.47,    0.10
 1044.67,    0.10
 1044.88,    0.10
 1045.09,    0.10
 1045.29,    0.10
 1045.50,    0.10
 1045.71,    0.10
 1045.92,    0.10
 1046.12,    0.10
 1046.33,    0.10
 1046.54,    0.10
 1046.74,    0.10
 1046.95,    0.09
 1047.16,    0.09
 1047.37,    0.09
 1047.57,    0.09
 1047.78,    0.10
 1047.99,    0.10
 1048.19,    0.10
 1048.40,    0.10
 1048.61,    0.10
 1048.81,    0.10
 1049.02,    0.10
 1049.23,    0.10
 1049.44,    0.10
 1049.64,    0.10
 1049.85,    0.10
 1050.06,    0.10
 1050.26,    0.10
 1050.47,    0.10
 1050.68,    0.10
 1050.88,    0.09
 1051.09,    0.09
 1051.30,    0.09
 1051.50,    0.10
 1051.71,    0.10
 1051.92,    0.10
 1052.12,    0.10
 1052.33,    0.09
 1052.54,    0.09
 1052.74,    0.09
 1052.95,    0.09
 1053.16,    0.09
 1053.36,    0.09
 1053.57,    0.09
 1053.78,    0.09
 1053.98,    0.09
 1054.19,    0.09
 1054.40,    0.09
 1054.60,    0.09
 1054.81,    0.09
 1055.01,    0.09
 1055.22,    0.09
 1055.43,    0.09
 1055.63,    0.09
 1055.84,    0.09
 1056.05,    0.09
 1056.25,    0.09
 1056.46,    0.08
 1056.67,    0.09
 1056.87,    0.09
 1057.08,    0.09
 1057.28,    0.09
 1057.49,    0.09
 1057.70,    0.09
 1057.90,    0.09
 1058.11,    0.09
 1058.31,    0.09
 1058.52,    0.09
 1058.73,    0.09
 1058.93,    0.08
 1059.14,    0.08
 1059.35,    0.07
 1059.55,    0.06
 1059.76,    0.06
 1059.96,    0.05
 1060.17,    0.03
 1060.38,    0.03
 1060.58,    0.03
 1060.79,    0.03
 1060.99,    0.03
