  194.37,   -0.21
  194.64,   -0.21
  194.91,   -0.21
  195.18,   -0.78
  195.45,    6.00
  195.72,    1.26
  195.99,    0.31
  196.26,    6.00
  196.53,   -0.10
  196.80,   -0.02
  197.07,    0.35
  197.34,    0.30
  197.61,   -0.02
  197.87,    0.07
  198.14,    0.03
  198.41,    0.04
  198.68,    0.06
  198.95,    0.03
  199.22,    0.03
  199.49,    0.01
  199.76,    0.02
  200.03,    0.05
  200.30,    0.01
  200.57,    0.05
  200.83,    0.02
  201.10,    0.04
  201.37,    0.05
  201.64,    0.04
  201.91,    0.08
  202.18,    0.10
  202.45,    0.07
  202.72,    0.07
  202.98,    0.06
  203.25,    0.07
  203.52,    0.04
  203.79,    0.05
  204.06,    0.07
  204.33,    0.05
  204.60,    0.06
  204.87,    0.02
  205.13,    0.04
  205.40,    0.07
  205.67,    0.06
  205.94,    0.09
  206.21,    0.08
  206.48,    0.12
  206.75,    0.12
  207.01,    0.08
  207.28,    0.07
  207.55,    0.09
  207.82,    0.12
  208.09,    0.11
  208.36,    0.11
  208.63,    0.10
  208.89,    0.09
  209.16,    0.11
  209.43,    0.07
  209.70,    0.05
  209.97,    0.07
  210.24,    0.09
  210.50,    0.07
  210.77,    0.03
  211.04,    0.03
  211.31,   -0.00
  211.58,    0.00
  211.85,   -0.00
  212.11,   -0.00
  212.38,    0.02
  212.65,    0.03
  212.92,    0.03
  213.19,    0.03
  213.45,    0.05
  213.72,    0.07
  213.99,    0.06
  214.26,    0.10
  214.53,    0.11
  214.79,    0.11
  215.06,    0.13
  215.33,    0.11
  215.60,    0.10
  215.87,    0.07
  216.13,    0.06
  216.40,    0.06
  216.67,    0.07
  216.94,    0.07
  217.21,    0.04
  217.47,    0.03
  217.74,    0.00
  218.01,   -0.02
  218.28,   -0.00
  218.55,    0.02
  218.81,    0.03
  219.08,    0.03
  219.35,    0.02
  219.62,    0.03
  219.88,    0.01
  220.15,    0.00
  220.42,    0.01
  220.69,    0.05
  220.95,    0.07
  221.22,    0.09
  221.49,    0.07
  221.76,    0.11
  222.03,    0.13
  222.29,    0.13
  222.56,    0.11
  222.83,    0.14
  223.10,    0.16
  223.36,    0.18
  223.63,    0.20
  223.90,    0.23
  224.17,    0.21
  224.43,    0.21
  224.70,    0.21
  224.97,    0.21
  225.23,    0.21
  225.50,    0.21
  225.77,    0.20
  226.04,    0.21
  226.30,    0.21
  226.57,    0.21
  226.84,    0.20
  227.11,    0.22
  227.37,    0.25
  227.64,    0.28
  227.91,    0.33
  228.17,    0.37
  228.44,    0.42
  228.71,    0.47
  228.98,    0.50
  229.24,    0.54
  229.51,    0.57
  229.78,    0.61
  230.04,    0.63
  230.31,    0.66
  230.58,    0.70
  230.85,    0.70
  231.11,    0.70
  231.38,    0.70
  231.65,    0.72
  231.91,    0.73
  232.18,    0.76
  232.45,    0.79
  232.71,    0.83
  232.98,    0.86
  233.25,    0.89
  233.51,    0.91
  233.78,    0.96
  234.05,    1.00
  234.31,    1.03
  234.58,    1.06
  234.85,    1.10
  235.11,    1.12
  235.38,    1.13
  235.65,    1.14
  235.91,    1.16
  236.18,    1.18
  236.45,    1.20
  236.71,    1.20
  236.98,    1.22
  237.25,    1.22
  237.51,    1.22
  237.78,    1.18
  238.05,    1.13
  238.31,    1.08
  238.58,    1.01
  238.85,    0.94
  239.11,    0.87
  239.38,    0.79
  239.65,    0.72
  239.91,    0.65
  240.18,    0.59
  240.45,    0.53
  240.71,    0.48
  240.98,    0.43
  241.24,    0.39
  241.51,    0.36
  241.78,    0.32
  242.04,    0.29
  242.31,    0.27
  242.58,    0.24
  242.84,    0.23
  243.11,    0.21
  243.37,    0.19
  243.64,    0.18
  243.91,    0.17
  244.17,    0.16
  244.44,    0.15
  244.70,    0.15
  244.97,    0.14
  245.24,    0.14
  245.50,    0.13
  245.77,    0.13
  246.03,    0.13
  246.30,    0.13
  246.57,    0.13
  246.83,    0.14
  247.10,    0.14
  247.36,    0.14
  247.63,    0.15
  247.90,    0.15
  248.16,    0.16
  248.43,    0.16
  248.69,    0.17
  248.96,    0.17
  249.23,    0.18
  249.49,    0.18
  249.76,    0.19
  250.02,    0.20
  250.29,    0.20
  250.55,    0.21
  250.82,    0.22
  251.09,    0.22
  251.35,    0.23
  251.62,    0.23
  251.88,    0.24
  252.15,    0.25
  252.41,    0.25
  252.68,    0.26
  252.94,    0.26
  253.21,    0.27
  253.48,    0.28
  253.74,    0.28
  254.01,    0.29
  254.27,    0.30
  254.54,    0.31
  254.80,    0.31
  255.07,    0.32
  255.33,    0.33
  255.60,    0.34
  255.86,    0.35
  256.13,    0.36
  256.40,    0.37
  256.66,    0.38
  256.93,    0.39
  257.19,    0.40
  257.46,    0.41
  257.72,    0.42
  257.99,    0.43
  258.25,    0.44
  258.52,    0.45
  258.78,    0.45
  259.05,    0.46
  259.31,    0.47
  259.58,    0.48
  259.84,    0.49
  260.11,    0.49
  260.37,    0.50
  260.64,    0.50
  260.90,    0.51
  261.17,    0.52
  261.43,    0.52
  261.70,    0.53
  261.96,    0.54
  262.23,    0.54
  262.49,    0.55
  262.76,    0.56
  263.02,    0.57
  263.29,    0.58
  263.55,    0.59
  263.82,    0.60
  264.08,    0.61
  264.35,    0.62
  264.61,    0.64
  264.88,    0.65
  265.14,    0.67
  265.41,    0.68
  265.67,    0.70
  265.93,    0.71
  266.20,    0.73
  266.46,    0.75
  266.73,    0.76
  266.99,    0.78
  267.26,    0.80
  267.52,    0.81
  267.79,    0.82
  268.05,    0.84
  268.32,    0.85
  268.58,    0.85
  268.85,    0.86
  269.11,    0.87
  269.37,    0.87
  269.64,    0.87
  269.90,    0.88
  270.17,    0.88
  270.43,    0.88
  270.70,    0.88
  270.96,    0.89
  271.23,    0.89
  271.49,    0.90
  271.75,    0.91
  272.02,    0.92
  272.28,    0.93
  272.55,    0.94
  272.81,    0.95
  273.08,    0.97
  273.34,    0.99
  273.60,    1.00
  273.87,    1.02
  274.13,    1.03
  274.40,    1.05
  274.66,    1.07
  274.92,    1.08
  275.19,    1.10
  275.45,    1.12
  275.72,    1.14
  275.98,    1.16
  276.24,    1.17
  276.51,    1.19
  276.77,    1.20
  277.04,    1.22
  277.30,    1.23
  277.56,    1.24
  277.83,    1.25
  278.09,    1.24
  278.36,    1.24
  278.62,    1.23
  278.88,    1.22
  279.15,    1.22
  279.41,    1.21
  279.68,    1.20
  279.94,    1.18
  280.20,    1.17
  280.47,    1.16
  280.73,    1.15
  280.99,    1.15
  281.26,    1.14
  281.52,    1.14
  281.78,    1.14
  282.05,    1.14
  282.31,    1.15
  282.58,    1.16
  282.84,    1.17
  283.10,    1.18
  283.37,    1.20
  283.63,    1.21
  283.89,    1.23
  284.16,    1.24
  284.42,    1.26
  284.68,    1.28
  284.95,    1.29
  285.21,    1.30
  285.47,    1.30
  285.74,    1.31
  286.00,    1.31
  286.26,    1.32
  286.53,    1.33
  286.79,    1.33
  287.05,    1.34
  287.32,    1.34
  287.58,    1.34
  287.84,    1.34
  288.11,    1.33
  288.37,    1.31
  288.63,    1.30
  288.90,    1.27
  289.16,    1.25
  289.42,    1.22
  289.69,    1.18
  289.95,    1.15
  290.21,    1.12
  290.48,    1.08
  290.74,    1.05
  291.00,    1.02
  291.26,    0.99
  291.53,    0.96
  291.79,    0.94
  292.05,    0.92
  292.32,    0.90
  292.58,    0.89
  292.84,    0.87
  293.11,    0.87
  293.37,    0.87
  293.63,    0.87
  293.89,    0.87
  294.16,    0.88
  294.42,    0.89
  294.68,    0.90
  294.95,    0.90
  295.21,    0.91
  295.47,    0.91
  295.73,    0.92
  296.00,    0.92
  296.26,    0.93
  296.52,    0.93
  296.78,    0.93
  297.05,    0.93
  297.31,    0.93
  297.57,    0.93
  297.83,    0.93
  298.10,    0.93
  298.36,    0.92
  298.62,    0.91
  298.88,    0.90
  299.15,    0.88
  299.41,    0.86
  299.67,    0.83
  299.93,    0.79
  300.20,    0.75
  300.46,    0.71
  300.72,    0.66
  300.98,    0.61
  301.25,    0.57
  301.51,    0.52
  301.77,    0.48
  302.03,    0.44
  302.30,    0.40
  302.56,    0.37
  302.82,    0.33
  303.08,    0.30
  303.34,    0.28
  303.61,    0.26
  303.87,    0.23
  304.13,    0.21
  304.39,    0.20
  304.66,    0.18
  304.92,    0.17
  305.18,    0.16
  305.44,    0.14
  305.70,    0.13
  305.97,    0.12
  306.23,    0.12
  306.49,    0.11
  306.75,    0.10
  307.01,    0.10
  307.28,    0.09
  307.54,    0.09
  307.80,    0.09
  308.06,    0.09
  308.32,    0.09
  308.59,    0.09
  308.85,    0.08
  309.11,    0.08
  309.37,    0.08
  309.63,    0.08
  309.89,    0.08
  310.16,    0.08
  310.42,    0.08
  310.68,    0.07
  310.94,    0.07
  311.20,    0.07
  311.47,    0.07
  311.73,    0.07
  311.99,    0.07
  312.25,    0.07
  312.51,    0.07
  312.77,    0.07
  313.03,    0.07
  313.30,    0.07
  313.56,    0.07
  313.82,    0.07
  314.08,    0.07
  314.34,    0.07
  314.60,    0.06
  314.87,    0.06
  315.13,    0.06
  315.39,    0.06
  315.65,    0.06
  315.91,    0.06
  316.17,    0.06
  316.43,    0.06
  316.70,    0.06
  316.96,    0.06
  317.22,    0.05
  317.48,    0.05
  317.74,    0.05
  318.00,    0.05
  318.26,    0.05
  318.52,    0.05
  318.79,    0.04
  319.05,    0.04
  319.31,    0.04
  319.57,    0.04
  319.83,    0.04
  320.09,    0.04
  320.35,    0.04
  320.61,    0.04
  320.87,    0.04
  321.14,    0.04
  321.40,    0.05
  321.66,    0.05
  321.92,    0.05
  322.18,    0.06
  322.44,    0.06
  322.70,    0.06
  322.96,    0.06
  323.22,    0.06
  323.48,    0.05
  323.74,    0.05
  324.01,    0.05
  324.27,    0.04
  324.53,    0.04
  324.79,    0.04
  325.05,    0.03
  325.31,    0.03
  325.57,    0.03
  325.83,    0.03
  326.09,    0.02
  326.35,    0.02
  326.61,    0.02
  326.87,    0.02
  327.13,    0.02
  327.39,    0.02
  327.66,    0.02
  327.92,    0.02
  328.18,    0.02
  328.44,    0.01
  328.70,    0.01
  328.96,    0.01
  329.22,    0.01
  329.48,    0.01
  329.74,    0.01
  330.00,    0.01
  330.26,    0.01
  330.52,    0.01
  330.78,    0.01
  331.04,    0.01
  331.30,    0.01
  331.56,    0.01
  331.82,    0.01
  332.08,    0.01
  332.34,    0.01
  332.60,    0.01
  332.86,    0.01
  333.12,    0.01
  333.38,    0.01
  333.64,    0.01
  333.90,    0.01
  334.16,    0.01
  334.43,    0.01
  334.69,    0.01
  334.95,    0.01
  335.21,    0.01
  335.47,    0.01
  335.73,    0.01
  335.99,    0.01
  336.25,    0.01
  336.51,    0.01
  336.77,    0.01
  337.03,    0.00
  337.29,    0.00
  337.55,    0.00
  337.81,    0.00
  338.07,    0.00
  338.33,    0.00
  338.59,    0.00
  338.85,    0.00
  339.10,    0.00
  339.36,    0.00
  339.62,    0.00
  339.88,    0.00
  340.14,    0.00
  340.40,    0.01
  340.66,    0.01
  340.92,    0.01
  341.18,    0.01
  341.44,    0.01
  341.70,    0.01
  341.96,    0.01
  342.22,    0.00
  342.48,    0.00
  342.74,    0.00
  343.00,    0.00
  343.26,    0.00
  343.52,    0.00
  343.78,    0.00
  344.04,    0.00
  344.30,    0.00
  344.56,    0.00
  344.82,    0.00
  345.08,    0.00
  345.34,    0.00
  345.60,    0.00
  345.85,    0.00
  346.11,    0.00
  346.37,    0.00
  346.63,    0.01
  346.89,    0.01
  347.15,    0.01
  347.41,    0.01
  347.67,    0.01
  347.93,    0.01
  348.19,    0.01
  348.45,    0.01
  348.71,    0.01
  348.97,    0.00
  349.23,    0.00
  349.48,    0.00
  349.74,    0.00
  350.00,    0.00
  350.26,    0.00
  350.52,    0.00
  350.78,    0.00
  351.04,    0.00
  351.30,    0.00
  351.56,    0.00
  351.82,    0.00
  352.07,    0.00
  352.33,    0.00
  352.59,    0.00
  352.85,    0.00
  353.11,    0.00
  353.37,    0.00
  353.63,    0.00
  353.89,    0.00
  354.15,    0.01
  354.40,    0.01
  354.66,    0.01
  354.92,    0.01
  355.18,    0.01
  355.44,    0.01
  355.70,    0.01
  355.96,    0.01
  356.22,    0.01
  356.47,    0.01
  356.73,    0.01
  356.99,    0.01
  357.25,    0.01
  357.51,    0.01
  357.77,    0.00
  358.03,    0.00
  358.28,    0.00
  358.54,    0.00
  358.80,    0.00
  359.06,    0.00
  359.32,    0.00
  359.58,    0.00
  359.84,    0.01
  360.09,    0.00
  360.35,    0.00
  360.61,    0.01
  360.87,    0.01
  361.13,    0.01
  361.39,    0.01
  361.64,    0.01
  361.90,    0.01
  362.16,    0.01
  362.42,    0.01
  362.68,    0.01
  362.94,    0.01
  363.19,    0.01
  363.45,    0.01
  363.71,    0.01
  363.97,    0.01
  364.23,    0.01
  364.48,    0.00
  364.74,    0.00
  365.00,    0.00
  365.26,    0.00
  365.52,    0.00
  365.78,    0.00
  366.03,    0.00
  366.29,    0.00
  366.55,    0.00
  366.81,    0.00
  367.07,    0.00
  367.32,    0.00
  367.58,    0.00
  367.84,    0.00
  368.10,    0.00
  368.35,    0.00
  368.61,    0.00
  368.87,    0.00
  369.13,    0.01
  369.39,    0.01
  369.64,    0.01
  369.90,    0.01
  370.16,    0.01
  370.42,    0.01
  370.67,    0.01
  370.93,    0.01
  371.19,    0.01
  371.45,    0.01
  371.71,    0.01
  371.96,    0.01
  372.22,    0.01
  372.48,    0.01
  372.74,    0.01
  372.99,    0.01
  373.25,    0.01
  373.51,    0.01
  373.77,    0.01
  374.02,    0.01
  374.28,    0.01
  374.54,    0.01
  374.80,    0.01
  375.05,    0.01
  375.31,    0.01
  375.57,    0.01
  375.83,    0.01
  376.08,    0.01
  376.34,    0.01
  376.60,    0.00
  376.85,    0.00
  377.11,    0.00
  377.37,    0.01
  377.63,    0.00
  377.88,    0.00
  378.14,    0.00
  378.40,    0.01
  378.66,    0.01
  378.91,    0.00
  379.17,    0.01
  379.43,    0.01
  379.68,    0.01
  379.94,    0.01
  380.20,    0.01
  380.46,    0.01
  380.71,    0.01
  380.97,    0.01
  381.23,    0.00
  381.48,    0.01
  381.74,    0.01
  382.00,    0.01
  382.25,    0.01
  382.51,    0.00
  382.77,    0.01
  383.02,    0.01
  383.28,    0.01
  383.54,    0.01
  383.80,    0.01
  384.05,    0.01
  384.31,    0.01
  384.57,    0.01
  384.82,    0.00
  385.08,    0.00
  385.34,    0.00
  385.59,    0.00
  385.85,    0.00
  386.11,    0.00
  386.36,    0.00
  386.62,    0.00
  386.88,    0.00
  387.13,    0.00
  387.39,    0.00
  387.65,    0.00
  387.90,    0.00
  388.16,    0.00
  388.42,    0.00
  388.67,    0.00
  388.93,    0.00
  389.18,    0.00
  389.44,    0.00
  389.70,    0.00
  389.95,    0.00
  390.21,    0.00
  390.47,    0.01
  390.72,    0.01
  390.98,    0.00
  391.24,    0.01
  391.49,    0.00
  391.75,    0.01
  392.00,    0.01
  392.26,    0.00
  392.52,    0.00
  392.77,    0.01
  393.03,    0.00
  393.29,    0.01
  393.54,    0.01
  393.80,    0.01
  394.05,    0.01
  394.31,    0.01
  394.57,    0.01
  394.82,    0.01
  395.08,    0.01
  395.33,    0.01
  395.59,    0.01
  395.85,    0.01
  396.10,    0.01
  396.36,    0.01
  396.61,    0.01
  396.87,    0.01
  397.13,    0.01
  397.38,    0.01
  397.64,    0.00
  397.89,    0.00
  398.15,    0.00
  398.41,    0.00
  398.66,    0.00
  398.92,    0.00
  399.17,    0.00
  399.43,    0.00
  399.68,    0.00
  399.94,    0.00
  400.20,    0.00
  400.45,    0.01
  400.71,    0.01
  400.96,    0.01
  401.22,    0.01
  401.47,    0.01
  401.73,    0.01
  401.99,    0.01
  402.24,    0.01
  402.50,    0.01
  402.75,    0.00
  403.01,    0.00
  403.26,    0.00
  403.52,    0.00
  403.77,    0.01
  404.03,    0.00
  404.29,    0.00
  404.54,    0.00
  404.80,    0.00
  405.05,    0.00
  405.31,    0.00
  405.56,    0.00
  405.82,    0.00
  406.07,    0.00
  406.33,    0.00
  406.58,    0.00
  406.84,    0.00
  407.09,    0.00
  407.35,    0.00
  407.60,    0.00
  407.86,    0.00
  408.11,    0.00
  408.37,    0.00
  408.63,    0.00
  408.88,    0.00
  409.14,    0.00
  409.39,    0.00
  409.65,    0.00
  409.90,    0.00
  410.16,    0.00
  410.41,    0.00
  410.67,    0.00
  410.92,    0.00
  411.18,    0.00
  411.43,    0.00
  411.69,    0.00
  411.94,    0.00
  412.20,    0.00
  412.45,    0.00
  412.71,    0.00
  412.96,    0.00
  413.21,    0.00
  413.47,    0.00
  413.72,    0.00
  413.98,    0.00
  414.23,    0.00
  414.49,    0.00
  414.74,    0.00
  415.00,    0.00
  415.25,    0.00
  415.51,    0.00
  415.76,    0.00
  416.02,    0.00
  416.27,    0.00
  416.53,    0.00
  416.78,    0.00
  417.04,    0.00
  417.29,    0.00
  417.54,    0.00
  417.80,    0.00
  418.05,    0.00
  418.31,    0.00
  418.56,    0.00
  418.82,    0.00
  419.07,    0.00
  419.33,    0.00
  419.58,    0.00
  419.83,    0.00
  420.09,    0.00
  420.34,    0.00
  420.60,    0.00
  420.85,    0.00
  421.11,    0.00
  421.36,    0.00
  421.61,    0.00
  421.87,    0.00
  422.12,    0.00
  422.38,    0.00
  422.63,    0.00
  422.89,    0.00
  423.14,    0.00
  423.39,    0.00
  423.65,    0.00
  423.90,    0.00
  424.16,    0.00
  424.41,    0.00
  424.66,    0.00
  424.92,    0.00
  425.17,    0.00
  425.43,    0.00
  425.68,    0.00
  425.93,    0.00
  426.19,    0.00
  426.44,    0.00
  426.70,    0.00
  426.95,    0.00
  427.20,    0.00
  427.46,    0.00
  427.71,    0.00
  427.97,    0.00
  428.22,    0.00
  428.47,    0.00
  428.73,    0.00
  428.98,    0.00
  429.23,    0.00
  429.49,    0.00
  429.74,    0.00
  430.00,    0.00
  430.25,    0.00
  430.50,    0.00
  430.76,    0.00
  431.01,    0.00
  431.26,    0.00
  431.52,    0.00
  431.77,    0.00
  432.02,    0.00
  432.28,    0.00
  432.53,    0.00
  432.78,    0.00
  433.04,    0.00
  433.29,    0.00
  433.54,    0.00
  433.80,    0.00
  434.05,    0.00
  434.31,    0.00
  434.56,    0.00
  434.81,    0.01
  435.07,    0.01
  435.32,    0.01
  435.57,    0.01
  435.82,    0.01
  436.08,    0.01
  436.33,    0.01
  436.58,    0.00
  436.84,    0.00
  437.09,    0.00
  437.34,    0.00
  437.60,    0.00
  437.85,    0.00
  438.10,    0.00
  438.36,    0.00
  438.61,    0.00
  438.86,    0.00
  439.12,    0.00
  439.37,    0.00
  439.62,    0.00
  439.88,    0.00
  440.13,    0.00
  440.38,    0.00
  440.63,    0.00
  440.89,    0.00
  441.14,    0.00
  441.39,    0.00
  441.65,    0.00
  441.90,    0.00
  442.15,    0.00
  442.40,    0.00
  442.66,    0.00
  442.91,    0.00
  443.16,    0.00
  443.42,    0.00
  443.67,    0.00
  443.92,    0.00
  444.17,    0.00
  444.43,    0.00
  444.68,    0.00
  444.93,    0.00
  445.18,    0.00
  445.44,    0.00
  445.69,   -0.00
  445.94,   -0.00
  446.19,   -0.00
  446.45,   -0.00
  446.70,   -0.00
  446.95,   -0.00
  447.20,   -0.00
  447.46,   -0.01
  447.71,   -0.01
  447.96,   -0.00
  448.21,   -0.00
  448.47,   -0.00
  448.72,   -0.00
  448.97,   -0.00
  449.22,   -0.00
  449.48,   -0.00
  449.73,   -0.00
  449.98,    0.00
  450.23,    0.00
  450.49,    0.00
  450.74,    0.00
  450.99,    0.00
  451.24,    0.00
  451.49,    0.00
  451.75,    0.00
  452.00,    0.00
  452.25,    0.00
  452.50,    0.00
  452.76,    0.00
  453.01,    0.00
  453.26,    0.00
  453.51,    0.00
  453.76,    0.00
  454.02,    0.00
  454.27,    0.00
  454.52,    0.00
  454.77,    0.00
  455.02,    0.00
  455.28,    0.00
  455.53,    0.00
  455.78,   -0.00
  456.03,   -0.00
  456.28,    0.00
  456.53,    0.00
  456.79,   -0.00
  457.04,   -0.00
  457.29,    0.00
  457.54,    0.00
  457.79,    0.00
  458.05,   -0.00
  458.30,   -0.00
  458.55,    0.00
  458.80,    0.00
  459.05,    0.00
  459.30,    0.00
  459.56,    0.00
  459.81,    0.00
  460.06,    0.00
  460.31,    0.00
  460.56,    0.00
  460.81,    0.00
  461.07,    0.00
  461.32,    0.00
  461.57,    0.00
  461.82,    0.00
  462.07,    0.00
  462.32,    0.00
  462.57,    0.00
  462.83,    0.00
  463.08,    0.00
  463.33,    0.00
  463.58,    0.00
  463.83,    0.00
  464.08,    0.00
  464.33,    0.00
  464.59,   -0.00
  464.84,   -0.00
  465.09,   -0.00
  465.34,   -0.00
  465.59,   -0.00
  465.84,   -0.00
  466.09,   -0.00
  466.34,   -0.00
  466.59,   -0.00
  466.85,   -0.00
  467.10,   -0.00
  467.35,   -0.00
  467.60,   -0.00
  467.85,   -0.00
  468.10,    0.00
  468.35,    0.00
  468.60,    0.00
  468.85,    0.00
  469.11,    0.00
  469.36,    0.00
  469.61,    0.00
  469.86,   -0.00
  470.11,    0.00
  470.36,    0.00
  470.61,    0.00
  470.86,    0.00
  471.11,    0.00
  471.36,    0.00
  471.61,    0.00
  471.87,   -0.00
  472.12,   -0.00
  472.37,   -0.00
  472.62,   -0.00
  472.87,   -0.00
  473.12,   -0.00
  473.37,   -0.00
  473.62,   -0.00
  473.87,   -0.01
  474.12,   -0.01
  474.37,   -0.01
  474.62,   -0.01
  474.87,   -0.01
  475.12,   -0.00
  475.37,   -0.00
  475.62,   -0.00
  475.88,   -0.00
  476.13,   -0.00
  476.38,   -0.00
  476.63,   -0.00
  476.88,   -0.00
  477.13,   -0.00
  477.38,   -0.00
  477.63,   -0.00
  477.88,   -0.00
  478.13,   -0.00
  478.38,   -0.00
  478.63,   -0.01
  478.88,   -0.00
  479.13,   -0.00
  479.38,   -0.00
  479.63,   -0.00
  479.88,   -0.00
  480.13,   -0.00
  480.38,   -0.00
  480.63,   -0.00
  480.88,   -0.00
  481.13,   -0.00
  481.38,   -0.00
  481.63,   -0.00
  481.88,   -0.00
  482.13,   -0.00
  482.38,   -0.00
  482.63,   -0.01
  482.88,   -0.01
  483.13,   -0.01
  483.38,   -0.01
  483.63,   -0.01
  483.88,   -0.01
  484.13,   -0.01
  484.38,   -0.01
  484.63,   -0.01
  484.88,   -0.01
  485.13,   -0.01
  485.38,   -0.01
  485.63,   -0.01
  485.88,   -0.00
  486.13,   -0.00
  486.38,   -0.00
  486.63,   -0.00
  486.88,   -0.00
  487.13,   -0.00
  487.38,   -0.00
  487.63,   -0.00
  487.88,   -0.00
  488.13,   -0.00
  488.38,   -0.00
  488.63,   -0.00
  488.88,   -0.00
  489.13,   -0.00
  489.38,   -0.00
  489.63,   -0.00
  489.88,   -0.00
  490.13,   -0.00
  490.38,   -0.00
  490.63,   -0.00
  490.87,   -0.00
  491.12,   -0.00
  491.37,   -0.00
  491.62,   -0.00
  491.87,   -0.01
  492.12,   -0.00
  492.37,   -0.01
  492.62,   -0.01
  492.87,   -0.01
  493.12,   -0.01
  493.37,   -0.01
  493.62,   -0.00
  493.87,   -0.01
  494.12,   -0.01
  494.37,   -0.01
  494.61,   -0.01
  494.86,   -0.01
  495.11,   -0.01
  495.36,   -0.01
  495.61,   -0.01
  495.86,   -0.01
  496.11,   -0.00
  496.36,   -0.01
  496.61,   -0.01
  496.86,   -0.01
  497.11,   -0.01
  497.35,   -0.00
  497.60,   -0.01
  497.85,   -0.01
  498.10,   -0.01
  498.35,   -0.00
  498.60,   -0.01
  498.85,   -0.01
  499.10,   -0.01
  499.35,   -0.01
  499.60,   -0.01
  499.84,   -0.01
  500.09,   -0.01
  500.34,   -0.01
  500.59,   -0.01
  500.84,   -0.01
  501.09,   -0.01
  501.34,   -0.01
  501.59,   -0.01
  501.83,   -0.01
  502.08,   -0.01
  502.33,   -0.01
  502.58,   -0.01
  502.83,   -0.01
  503.08,   -0.01
  503.33,   -0.01
  503.57,   -0.01
  503.82,   -0.01
  504.07,   -0.01
  504.32,   -0.01
  504.57,   -0.01
  504.82,   -0.01
  505.07,   -0.01
  505.31,   -0.01
  505.56,   -0.01
  505.81,   -0.01
  506.06,   -0.01
  506.31,   -0.01
  506.56,   -0.01
  506.80,   -0.01
  507.05,   -0.01
  507.30,   -0.01
  507.55,   -0.01
  507.80,   -0.01
  508.05,   -0.01
  508.29,   -0.01
  508.54,   -0.01
  508.79,   -0.01
  509.04,   -0.01
  509.29,   -0.01
  509.54,   -0.01
  509.78,   -0.01
  510.03,   -0.01
  510.28,   -0.01
  510.53,   -0.01
  510.78,   -0.01
  511.02,   -0.01
  511.27,   -0.01
  511.52,   -0.01
  511.77,   -0.01
  512.02,   -0.01
  512.26,   -0.01
  512.51,   -0.01
  512.76,   -0.01
  513.01,   -0.01
  513.26,   -0.01
  513.50,   -0.01
  513.75,   -0.01
  514.00,   -0.01
  514.25,   -0.01
  514.50,   -0.01
  514.74,   -0.01
  514.99,   -0.01
  515.24,   -0.01
  515.49,   -0.01
  515.73,   -0.01
  515.98,   -0.01
  516.23,   -0.01
  516.48,   -0.01
  516.72,   -0.01
  516.97,   -0.01
  517.22,   -0.01
  517.47,   -0.01
  517.72,   -0.01
  517.96,   -0.01
  518.21,   -0.01
  518.46,   -0.01
  518.71,   -0.01
  518.95,   -0.01
  519.20,   -0.01
  519.45,   -0.01
  519.70,   -0.01
  519.94,   -0.01
  520.19,   -0.01
  520.44,   -0.01
  520.68,   -0.01
  520.93,   -0.01
  521.18,   -0.01
  521.43,   -0.01
  521.67,   -0.01
  521.92,   -0.01
  522.17,   -0.01
  522.42,   -0.01
  522.66,   -0.01
  522.91,   -0.01
  523.16,   -0.01
  523.40,   -0.01
  523.65,   -0.01
  523.90,   -0.01
  524.15,   -0.01
  524.39,   -0.01
  524.64,   -0.01
  524.89,   -0.01
  525.13,   -0.01
  525.38,   -0.01
  525.63,   -0.01
  525.88,   -0.01
  526.12,   -0.01
  526.37,   -0.01
  526.62,   -0.01
  526.86,   -0.01
  527.11,   -0.01
  527.36,   -0.01
  527.60,   -0.01
  527.85,   -0.01
  528.10,   -0.01
  528.35,   -0.01
  528.59,   -0.01
  528.84,   -0.01
  529.09,   -0.01
  529.33,   -0.01
  529.58,   -0.01
  529.83,   -0.01
  530.07,   -0.01
  530.32,   -0.01
  530.57,   -0.01
  530.81,   -0.01
  531.06,   -0.01
  531.31,   -0.01
  531.55,   -0.01
  531.80,   -0.01
  532.05,   -0.01
  532.29,   -0.01
  532.54,   -0.01
  532.79,   -0.01
  533.03,   -0.01
  533.28,   -0.01
  533.52,   -0.01
  533.77,   -0.01
  534.02,   -0.01
  534.26,   -0.01
  534.51,   -0.01
  534.76,   -0.01
  535.00,   -0.01
  535.25,   -0.01
  535.50,   -0.01
  535.74,   -0.01
  535.99,   -0.01
  536.23,   -0.01
  536.48,   -0.01
  536.73,   -0.01
  536.97,   -0.01
  537.22,   -0.01
  537.47,   -0.01
  537.71,   -0.01
  537.96,   -0.01
  538.20,   -0.01
  538.45,   -0.01
  538.70,   -0.01
  538.94,   -0.01
  539.19,   -0.01
  539.44,   -0.01
  539.68,   -0.01
  539.93,   -0.01
  540.17,   -0.01
  540.42,   -0.01
  540.67,   -0.01
  540.91,   -0.01
  541.16,   -0.01
  541.40,   -0.01
  541.65,   -0.01
  541.89,   -0.01
  542.14,   -0.01
  542.39,   -0.01
  542.63,   -0.01
  542.88,   -0.01
  543.12,   -0.01
  543.37,   -0.01
  543.62,   -0.01
  543.86,   -0.01
  544.11,   -0.01
  544.35,   -0.01
  544.60,   -0.01
  544.84,   -0.01
  545.09,   -0.01
  545.34,   -0.01
  545.58,   -0.01
  545.83,   -0.01
  546.07,   -0.01
  546.32,   -0.01
  546.56,   -0.01
  546.81,   -0.01
  547.05,   -0.01
  547.30,   -0.01
  547.55,   -0.01
  547.79,   -0.01
  548.04,   -0.01
  548.28,   -0.01
  548.53,   -0.01
  548.77,   -0.01
  549.02,   -0.01
  549.26,   -0.01
  549.51,   -0.01
  549.75,   -0.01
  550.00,   -0.01
  550.24,   -0.01
  550.49,   -0.01
  550.74,   -0.01
  550.98,   -0.01
  551.23,   -0.01
  551.47,   -0.01
  551.72,   -0.01
  551.96,   -0.01
  552.21,   -0.01
  552.45,   -0.01
  552.70,   -0.01
  552.94,   -0.01
  553.19,   -0.01
  553.43,   -0.01
  553.68,   -0.01
  553.92,   -0.01
  554.17,   -0.01
  554.41,   -0.01
  554.66,   -0.01
  554.90,   -0.01
  555.15,   -0.01
  555.39,   -0.01
  555.64,   -0.01
  555.88,   -0.01
  556.13,   -0.01
  556.37,   -0.01
  556.62,   -0.01
  556.86,   -0.01
  557.11,   -0.01
  557.35,   -0.01
  557.60,   -0.01
  557.84,   -0.01
  558.08,   -0.01
  558.33,   -0.01
  558.57,   -0.01
  558.82,   -0.01
  559.06,   -0.01
  559.31,   -0.01
  559.55,   -0.01
  559.80,   -0.01
  560.04,   -0.01
  560.29,   -0.01
  560.53,   -0.01
  560.78,   -0.01
  561.02,   -0.01
  561.27,   -0.01
  561.51,   -0.01
  561.75,   -0.01
  562.00,   -0.01
  562.24,   -0.01
  562.49,   -0.01
  562.73,   -0.01
  562.98,   -0.01
  563.22,   -0.01
  563.46,   -0.01
  563.71,   -0.01
  563.95,   -0.01
  564.20,   -0.01
  564.44,   -0.01
  564.69,   -0.01
  564.93,   -0.01
  565.17,   -0.01
  565.42,   -0.01
  565.66,   -0.01
  565.91,   -0.01
  566.15,   -0.01
  566.40,   -0.01
  566.64,   -0.01
  566.88,   -0.01
  567.13,   -0.01
  567.37,   -0.01
  567.62,   -0.01
  567.86,   -0.01
  568.10,   -0.01
  568.35,   -0.01
  568.59,   -0.01
  568.84,   -0.01
  569.08,   -0.01
  569.32,   -0.01
  569.57,   -0.01
  569.81,   -0.01
  570.06,   -0.01
  570.30,   -0.01
  570.54,   -0.01
  570.79,   -0.01
  571.03,   -0.01
  571.28,   -0.01
  571.52,   -0.01
  571.76,   -0.01
  572.01,   -0.01
  572.25,   -0.01
  572.49,   -0.01
  572.74,   -0.01
  572.98,   -0.01
  573.22,   -0.01
  573.47,   -0.01
  573.71,   -0.01
  573.96,   -0.01
  574.20,   -0.01
  574.44,   -0.01
  574.69,   -0.01
  574.93,   -0.01
  575.17,   -0.01
  575.42,   -0.01
  575.66,   -0.01
  575.90,   -0.01
  576.15,   -0.01
  576.39,   -0.01
  576.63,   -0.01
  576.88,   -0.01
  577.12,   -0.01
  577.36,   -0.01
  577.61,   -0.01
  577.85,   -0.01
  578.09,   -0.01
  578.34,   -0.01
  578.58,   -0.01
  578.82,   -0.01
  579.07,   -0.01
  579.31,   -0.01
  579.55,   -0.01
  579.80,   -0.01
  580.04,   -0.01
  580.28,   -0.01
  580.53,   -0.01
  580.77,   -0.01
  581.01,   -0.01
  581.26,   -0.01
  581.50,   -0.01
  581.74,   -0.01
  581.99,   -0.01
  582.23,   -0.01
  582.47,   -0.01
  582.71,   -0.01
  582.96,   -0.01
  583.20,   -0.01
  583.44,   -0.01
  583.69,   -0.01
  583.93,   -0.01
  584.17,   -0.01
  584.41,   -0.01
  584.66,   -0.01
  584.90,   -0.01
  585.14,   -0.01
  585.39,   -0.01
  585.63,   -0.01
  585.87,   -0.01
  586.11,   -0.01
  586.36,   -0.01
  586.60,   -0.01
  586.84,   -0.01
  587.08,   -0.01
  587.33,   -0.01
  587.57,   -0.01
  587.81,   -0.01
  588.06,   -0.01
  588.30,   -0.01
  588.54,   -0.01
  588.78,   -0.01
  589.03,   -0.01
  589.27,   -0.01
  589.51,   -0.01
  589.75,   -0.01
  590.00,   -0.01
  590.24,   -0.01
  590.48,   -0.01
  590.72,   -0.01
  590.97,   -0.01
  591.21,   -0.01
  591.45,   -0.01
  591.69,   -0.01
  591.93,   -0.01
  592.18,   -0.01
  592.42,   -0.01
  592.66,   -0.01
  592.90,   -0.01
  593.15,   -0.01
  593.39,   -0.01
  593.63,   -0.01
  593.87,   -0.01
  594.11,   -0.01
  594.36,   -0.01
  594.60,   -0.01
  594.84,   -0.01
  595.08,   -0.01
  595.33,   -0.01
  595.57,   -0.01
  595.81,   -0.01
  596.05,   -0.01
  596.29,   -0.01
  596.54,   -0.01
  596.78,   -0.01
  597.02,   -0.01
  597.26,   -0.01
  597.50,   -0.01
  597.75,   -0.01
  597.99,   -0.01
  598.23,   -0.01
  598.47,   -0.01
  598.71,   -0.01
  598.95,   -0.01
  599.20,   -0.01
  599.44,   -0.01
  599.68,   -0.01
  599.92,   -0.01
  600.16,   -0.01
  600.40,   -0.01
  600.65,   -0.01
  600.89,   -0.01
  601.13,   -0.01
  601.37,   -0.01
  601.61,   -0.01
  601.85,   -0.01
  602.10,   -0.01
  602.34,   -0.01
  602.58,   -0.01
  602.82,   -0.01
  603.06,   -0.01
  603.30,   -0.01
  603.55,   -0.01
  603.79,   -0.01
  604.03,   -0.01
  604.27,   -0.01
  604.51,   -0.01
  604.75,   -0.01
  604.99,   -0.01
  605.24,   -0.01
  605.48,   -0.01
  605.72,   -0.01
  605.96,   -0.01
  606.20,   -0.01
  606.44,   -0.01
  606.68,   -0.01
  606.92,   -0.01
  607.17,   -0.01
  607.41,   -0.01
  607.65,   -0.01
  607.89,   -0.01
  608.13,   -0.01
  608.37,   -0.01
  608.61,   -0.01
  608.85,   -0.01
  609.09,   -0.01
  609.34,   -0.01
  609.58,   -0.01
  609.82,   -0.01
  610.06,   -0.01
  610.30,   -0.01
  610.54,   -0.01
  610.78,   -0.01
  611.02,   -0.01
  611.26,   -0.01
  611.50,   -0.01
  611.75,   -0.01
  611.99,   -0.01
  612.23,   -0.01
  612.47,   -0.01
  612.71,   -0.01
  612.95,   -0.01
  613.19,   -0.01
  613.43,   -0.01
  613.67,   -0.01
  613.91,   -0.01
  614.15,   -0.01
  614.39,   -0.01
  614.64,   -0.01
  614.88,   -0.01
  615.12,   -0.01
  615.36,   -0.01
  615.60,   -0.01
  615.84,   -0.01
  616.08,   -0.01
  616.32,   -0.01
  616.56,   -0.01
  616.80,   -0.01
  617.04,   -0.01
  617.28,   -0.01
  617.52,   -0.01
  617.76,   -0.01
  618.00,   -0.01
  618.24,   -0.01
  618.48,   -0.01
  618.72,   -0.01
  618.96,   -0.01
  619.20,   -0.01
  619.45,   -0.01
  619.69,   -0.01
  619.93,   -0.01
  620.17,   -0.01
  620.41,   -0.01
  620.65,   -0.01
  620.89,   -0.01
  621.13,   -0.01
  621.37,   -0.01
  621.61,   -0.01
  621.85,   -0.01
  622.09,   -0.01
  622.33,   -0.01
  622.57,   -0.01
  622.81,   -0.01
  623.05,   -0.01
  623.29,   -0.01
  623.53,   -0.01
  623.77,   -0.01
  624.01,   -0.01
  624.25,   -0.01
  624.49,   -0.01
  624.73,   -0.01
  624.97,   -0.01
  625.21,   -0.01
  625.45,   -0.01
  625.69,   -0.01
  625.93,   -0.01
  626.17,   -0.01
  626.41,   -0.01
  626.65,   -0.01
  626.89,   -0.01
  627.13,   -0.01
  627.37,   -0.01
  627.61,   -0.01
  627.85,   -0.01
  628.09,   -0.01
  628.33,   -0.01
  628.57,   -0.01
  628.80,   -0.01
  629.04,   -0.01
  629.28,   -0.01
  629.52,   -0.01
  629.76,   -0.01
  630.00,   -0.01
  630.24,   -0.01
  630.48,   -0.01
  630.72,   -0.01
  630.96,   -0.01
  631.20,   -0.01
  631.44,   -0.01
  631.68,   -0.01
  631.92,   -0.01
  632.16,   -0.01
  632.40,   -0.01
  632.64,   -0.01
  632.88,   -0.01
  633.12,   -0.01
  633.36,   -0.01
  633.59,   -0.01
  633.83,   -0.01
  634.07,   -0.01
  634.31,   -0.01
  634.55,   -0.01
  634.79,   -0.01
  635.03,   -0.01
  635.27,   -0.01
  635.51,   -0.01
  635.75,   -0.01
  635.99,   -0.01
  636.23,   -0.01
  636.46,   -0.01
  636.70,   -0.01
  636.94,   -0.01
  637.18,   -0.01
  637.42,   -0.01
  637.66,   -0.01
  637.90,   -0.01
  638.14,   -0.01
  638.38,   -0.01
  638.62,   -0.01
  638.85,   -0.01
  639.09,   -0.01
  639.33,   -0.01
  639.57,   -0.01
  639.81,   -0.01
  640.05,   -0.01
  640.29,   -0.01
  640.53,   -0.01
  640.77,   -0.01
  641.00,   -0.01
  641.24,   -0.01
  641.48,   -0.01
  641.72,   -0.01
  641.96,   -0.01
  642.20,   -0.01
  642.44,   -0.01
  642.68,   -0.01
  642.91,   -0.01
  643.15,   -0.01
  643.39,   -0.01
  643.63,   -0.01
  643.87,   -0.01
  644.11,   -0.01
  644.35,   -0.01
  644.58,   -0.01
  644.82,   -0.01
  645.06,   -0.01
  645.30,   -0.01
  645.54,   -0.01
  645.78,   -0.01
  646.01,   -0.01
  646.25,   -0.01
  646.49,   -0.01
  646.73,   -0.01
  646.97,   -0.01
  647.21,   -0.01
  647.44,   -0.01
  647.68,   -0.01
  647.92,   -0.01
  648.16,   -0.01
  648.40,   -0.01
  648.64,   -0.01
  648.87,   -0.01
  649.11,   -0.01
  649.35,   -0.01
  649.59,   -0.01
  649.83,   -0.01
  650.06,   -0.01
  650.30,   -0.01
  650.54,   -0.01
  650.78,   -0.01
  651.02,   -0.01
  651.26,   -0.01
  651.49,   -0.01
  651.73,   -0.01
  651.97,   -0.01
  652.21,   -0.01
  652.45,   -0.01
  652.68,   -0.01
  652.92,   -0.01
  653.16,   -0.01
  653.40,   -0.01
  653.63,   -0.01
  653.87,   -0.01
  654.11,   -0.01
  654.35,   -0.01
  654.59,   -0.01
  654.82,   -0.01
  655.06,   -0.01
  655.30,   -0.01
  655.54,   -0.01
  655.77,   -0.01
  656.01,   -0.01
  656.25,   -0.01
  656.49,   -0.01
  656.73,   -0.01
  656.96,   -0.01
  657.20,   -0.01
  657.44,   -0.01
  657.68,   -0.01
  657.91,   -0.01
  658.15,   -0.01
  658.39,   -0.01
  658.63,   -0.01
  658.86,   -0.01
  659.10,   -0.01
  659.34,   -0.01
  659.58,   -0.01
  659.81,   -0.01
  660.05,   -0.01
  660.29,   -0.01
  660.52,   -0.00
  660.76,   -0.01
  661.00,   -0.00
  661.24,   -0.00
  661.47,   -0.00
  661.71,   -0.00
  661.95,   -0.00
  662.19,   -0.00
  662.42,   -0.01
  662.66,   -0.00
  662.90,   -0.01
  663.13,   -0.01
  663.37,   -0.01
  663.61,   -0.01
  663.85,   -0.01
  664.08,   -0.01
  664.32,   -0.01
  664.56,   -0.01
  664.79,   -0.01
  665.03,   -0.00
  665.27,   -0.00
  665.50,   -0.00
  665.74,   -0.00
  665.98,   -0.00
  666.22,   -0.00
  666.45,   -0.00
  666.69,   -0.00
  666.93,   -0.00
  667.16,   -0.00
  667.40,   -0.00
  667.64,   -0.00
  667.87,   -0.00
  668.11,   -0.00
  668.35,   -0.01
  668.58,   -0.00
  668.82,   -0.01
  669.06,   -0.00
  669.29,   -0.00
  669.53,   -0.00
  669.77,   -0.00
  670.00,   -0.00
  670.24,   -0.00
  670.48,   -0.00
  670.71,   -0.00
  670.95,   -0.00
  671.19,   -0.00
  671.42,   -0.00
  671.66,   -0.00
  671.90,   -0.00
  672.13,   -0.00
  672.37,   -0.00
  672.61,   -0.00
  672.84,   -0.00
  673.08,   -0.00
  673.32,   -0.00
  673.55,   -0.00
  673.79,   -0.00
  674.02,   -0.00
  674.26,   -0.00
  674.50,   -0.00
  674.73,   -0.00
  674.97,   -0.00
  675.21,   -0.00
  675.44,   -0.00
  675.68,   -0.00
  675.91,   -0.00
  676.15,   -0.00
  676.39,   -0.00
  676.62,   -0.00
  676.86,   -0.00
  677.10,   -0.00
  677.33,   -0.00
  677.57,   -0.00
  677.80,   -0.00
  678.04,   -0.00
  678.28,   -0.00
  678.51,   -0.00
  678.75,   -0.00
  678.98,   -0.00
  679.22,   -0.00
  679.46,   -0.00
  679.69,   -0.00
  679.93,   -0.00
  680.16,   -0.00
  680.40,   -0.00
  680.64,   -0.00
  680.87,   -0.00
  681.11,   -0.00
  681.34,   -0.00
  681.58,   -0.00
  681.81,   -0.00
  682.05,   -0.00
  682.29,   -0.00
  682.52,   -0.00
  682.76,   -0.00
  682.99,   -0.00
  683.23,   -0.00
  683.46,   -0.00
  683.70,   -0.00
  683.94,   -0.00
  684.17,   -0.00
  684.41,   -0.00
  684.64,   -0.00
  684.88,   -0.00
  685.11,   -0.00
  685.35,   -0.00
  685.58,   -0.00
  685.82,   -0.00
  686.06,   -0.00
  686.29,   -0.00
  686.53,   -0.00
  686.76,   -0.00
  687.00,   -0.00
  687.23,   -0.00
  687.47,   -0.00
  687.70,   -0.00
  687.94,   -0.00
  688.17,   -0.00
  688.41,   -0.00
  688.64,   -0.00
  688.88,   -0.00
  689.12,   -0.00
  689.35,   -0.00
  689.59,   -0.00
  689.82,   -0.00
  690.06,   -0.00
  690.29,   -0.00
  690.53,   -0.00
  690.76,   -0.00
  691.00,   -0.00
  691.23,   -0.00
  691.47,   -0.00
  691.70,   -0.00
  691.94,   -0.00
  692.17,   -0.00
  692.41,   -0.00
  692.64,   -0.00
  692.88,   -0.00
  693.11,   -0.00
  693.35,   -0.00
  693.58,   -0.00
  693.82,   -0.00
  694.05,   -0.00
  694.29,   -0.00
  694.52,   -0.00
  694.76,   -0.00
  694.99,   -0.00
  695.23,   -0.00
  695.46,   -0.00
  695.69,   -0.00
  695.93,   -0.00
  696.16,   -0.00
  696.40,   -0.00
  696.63,   -0.00
  696.87,   -0.00
  697.10,   -0.00
  697.34,   -0.00
  697.57,   -0.00
  697.81,   -0.00
  698.04,   -0.00
  698.28,   -0.00
  698.51,   -0.00
  698.75,   -0.00
  698.98,   -0.00
  699.21,   -0.00
  699.45,   -0.00
  699.68,   -0.00
  699.92,   -0.00
  700.15,   -0.00
  700.39,   -0.00
  700.62,   -0.00
  700.86,   -0.00
  701.09,   -0.00
  701.32,   -0.00
  701.56,   -0.00
  701.79,   -0.00
  702.03,   -0.00
  702.26,   -0.00
  702.50,   -0.00
  702.73,   -0.00
  702.96,   -0.00
  703.20,   -0.00
  703.43,   -0.00
  703.67,   -0.00
  703.90,   -0.00
  704.13,    0.00
  704.37,    0.00
  704.60,    0.00
  704.84,    0.00
  705.07,    0.00
  705.30,    0.00
  705.54,    0.00
  705.77,    0.00
  706.01,    0.00
  706.24,    0.00
  706.47,    0.00
  706.71,    0.00
  706.94,    0.00
  707.18,    0.00
  707.41,    0.00
  707.64,    0.00
  707.88,    0.00
  708.11,    0.00
  708.35,    0.00
  708.58,    0.00
  708.81,    0.00
  709.05,    0.00
  709.28,   -0.00
  709.51,   -0.00
  709.75,   -0.00
  709.98,   -0.00
  710.22,   -0.00
  710.45,   -0.00
  710.68,   -0.00
  710.92,   -0.00
  711.15,   -0.00
  711.38,    0.00
  711.62,    0.00
  711.85,    0.00
  712.08,    0.00
  712.32,    0.00
  712.55,    0.00
  712.79,    0.00
  713.02,    0.00
  713.25,    0.00
  713.49,    0.00
  713.72,    0.00
  713.95,    0.00
  714.19,    0.00
  714.42,    0.00
  714.65,    0.00
  714.89,    0.00
  715.12,    0.00
  715.35,    0.00
  715.59,    0.00
  715.82,    0.00
  716.05,    0.00
  716.29,    0.00
  716.52,    0.00
  716.75,    0.00
  716.98,    0.00
  717.22,    0.00
  717.45,    0.00
  717.68,    0.00
  717.92,    0.00
  718.15,    0.00
  718.38,    0.00
  718.62,    0.00
  718.85,    0.00
  719.08,    0.00
  719.32,    0.00
  719.55,    0.00
  719.78,    0.00
  720.01,    0.00
  720.25,    0.00
  720.48,    0.00
  720.71,    0.00
  720.95,    0.00
  721.18,    0.00
  721.41,    0.00
  721.64,    0.00
  721.88,    0.00
  722.11,    0.00
  722.34,    0.00
  722.58,    0.00
  722.81,    0.00
  723.04,    0.00
  723.27,    0.00
  723.51,    0.00
  723.74,    0.00
  723.97,    0.00
  724.20,    0.00
  724.44,    0.00
  724.67,    0.00
  724.90,    0.00
  725.13,    0.00
  725.37,    0.00
  725.60,    0.00
  725.83,    0.00
  726.06,    0.00
  726.30,    0.00
  726.53,    0.00
  726.76,    0.00
  726.99,    0.00
  727.23,    0.00
  727.46,    0.00
  727.69,    0.00
  727.92,    0.00
  728.16,    0.00
  728.39,    0.00
  728.62,    0.00
  728.85,    0.00
  729.09,    0.00
  729.32,    0.00
  729.55,    0.00
  729.78,    0.00
  730.01,    0.00
  730.25,    0.00
  730.48,    0.00
  730.71,    0.00
  730.94,    0.00
  731.18,    0.00
  731.41,    0.00
  731.64,    0.00
  731.87,    0.00
  732.10,    0.00
  732.34,    0.00
  732.57,    0.00
  732.80,    0.00
  733.03,    0.00
  733.26,    0.00
  733.50,    0.00
  733.73,    0.00
  733.96,    0.00
  734.19,    0.00
  734.42,    0.00
  734.65,    0.00
  734.89,    0.00
  735.12,    0.00
  735.35,    0.00
  735.58,    0.00
  735.81,    0.00
  736.05,    0.00
  736.28,    0.00
  736.51,    0.00
  736.74,    0.00
  736.97,    0.00
  737.20,    0.00
  737.44,    0.00
  737.67,    0.00
  737.90,    0.00
  738.13,    0.00
  738.36,    0.00
  738.59,    0.00
  738.83,    0.00
  739.06,    0.00
  739.29,    0.00
  739.52,    0.00
  739.75,    0.00
  739.98,    0.00
  740.21,    0.00
  740.45,    0.00
  740.68,    0.00
  740.91,    0.00
  741.14,    0.00
  741.37,    0.00
  741.60,    0.00
  741.83,    0.00
  742.06,    0.00
  742.30,    0.00
  742.53,    0.00
  742.76,    0.00
  742.99,    0.00
  743.22,    0.00
  743.45,    0.00
  743.68,    0.00
  743.91,    0.00
  744.15,    0.00
  744.38,    0.00
  744.61,    0.00
  744.84,    0.00
  745.07,    0.00
  745.30,    0.00
  745.53,    0.00
  745.76,    0.00
  745.99,    0.00
  746.23,    0.00
  746.46,    0.00
  746.69,    0.00
  746.92,    0.00
  747.15,    0.00
  747.38,    0.00
  747.61,    0.00
  747.84,    0.00
  748.07,    0.00
  748.30,    0.00
  748.53,    0.00
  748.76,    0.00
  749.00,    0.00
  749.23,    0.00
  749.46,    0.00
  749.69,    0.00
  749.92,    0.00
  750.15,    0.00
  750.38,    0.00
  750.61,    0.00
  750.84,    0.00
  751.07,    0.00
  751.30,    0.00
  751.53,    0.00
  751.76,    0.00
  751.99,    0.00
  752.22,    0.00
  752.46,    0.00
  752.69,    0.00
  752.92,    0.00
  753.15,    0.00
  753.38,    0.00
  753.61,    0.00
  753.84,    0.00
  754.07,    0.00
  754.30,    0.00
  754.53,    0.01
  754.76,    0.00
  754.99,    0.01
  755.22,    0.01
  755.45,    0.00
  755.68,    0.01
  755.91,    0.01
  756.14,    0.00
  756.37,    0.00
  756.60,    0.00
  756.83,    0.00
  757.06,    0.00
  757.29,    0.00
  757.52,    0.00
  757.75,    0.00
  757.98,    0.00
  758.21,    0.00
  758.44,    0.00
  758.67,    0.00
  758.90,    0.00
  759.13,    0.00
  759.36,    0.00
  759.59,    0.00
  759.82,    0.01
  760.05,    0.01
  760.28,    0.00
  760.51,    0.00
  760.74,    0.00
  760.97,    0.00
  761.20,    0.00
  761.43,    0.00
  761.66,    0.00
  761.89,    0.00
  762.12,    0.00
  762.35,    0.00
  762.58,    0.00
  762.81,    0.00
  763.04,    0.00
  763.27,    0.00
  763.50,    0.00
  763.73,    0.00
  763.96,    0.00
  764.19,    0.00
  764.42,    0.00
  764.65,    0.00
  764.88,    0.01
  765.11,    0.01
  765.34,    0.01
  765.57,    0.01
  765.79,    0.01
  766.02,    0.01
  766.25,    0.01
  766.48,    0.01
  766.71,    0.01
  766.94,    0.01
  767.17,    0.01
  767.40,    0.01
  767.63,    0.01
  767.86,    0.01
  768.09,    0.01
  768.32,    0.01
  768.55,    0.01
  768.78,    0.01
  769.01,    0.01
  769.24,    0.01
  769.46,    0.01
  769.69,    0.01
  769.92,    0.01
  770.15,    0.01
  770.38,    0.01
  770.61,    0.01
  770.84,    0.01
  771.07,    0.01
  771.30,    0.01
  771.53,    0.01
  771.76,    0.01
  771.98,    0.01
  772.21,    0.01
  772.44,    0.01
  772.67,    0.01
  772.90,    0.00
  773.13,    0.00
  773.36,    0.00
  773.59,    0.00
  773.82,    0.01
  774.05,    0.01
  774.27,    0.01
  774.50,    0.01
  774.73,    0.01
  774.96,    0.01
  775.19,    0.01
  775.42,    0.01
  775.65,    0.01
  775.88,    0.01
  776.10,    0.01
  776.33,    0.01
  776.56,    0.01
  776.79,    0.01
  777.02,    0.01
  777.25,    0.01
  777.48,    0.01
  777.71,    0.01
  777.93,    0.01
  778.16,    0.01
  778.39,    0.01
  778.62,    0.01
  778.85,    0.01
  779.08,    0.01
  779.30,    0.01
  779.53,    0.01
  779.76,    0.01
  779.99,    0.01
  780.22,    0.01
  780.45,    0.01
  780.68,    0.01
  780.90,    0.01
  781.13,    0.01
  781.36,    0.01
  781.59,    0.01
  781.82,    0.01
  782.05,    0.01
  782.27,    0.01
  782.50,    0.01
  782.73,    0.01
  782.96,    0.01
  783.19,    0.01
  783.41,    0.01
  783.64,    0.01
  783.87,    0.01
  784.10,    0.01
  784.33,    0.01
  784.55,    0.01
  784.78,    0.01
  785.01,    0.01
  785.24,    0.01
  785.47,    0.01
  785.69,    0.01
  785.92,    0.01
  786.15,    0.01
  786.38,    0.01
  786.61,    0.01
  786.83,    0.01
  787.06,    0.01
  787.29,    0.01
  787.52,    0.01
  787.75,    0.01
  787.97,    0.01
  788.20,    0.01
  788.43,    0.01
  788.66,    0.01
  788.88,    0.01
  789.11,    0.01
  789.34,    0.01
  789.57,    0.01
  789.80,    0.01
  790.02,    0.01
  790.25,    0.01
  790.48,    0.01
  790.71,    0.01
  790.93,    0.01
  791.16,    0.01
  791.39,    0.01
  791.62,    0.01
  791.84,    0.01
  792.07,    0.01
  792.30,    0.01
  792.53,    0.01
  792.75,    0.01
  792.98,    0.01
  793.21,    0.01
  793.44,    0.01
  793.66,    0.01
  793.89,    0.01
  794.12,    0.01
  794.35,    0.01
  794.57,    0.01
  794.80,    0.01
  795.03,    0.01
  795.25,    0.01
  795.48,    0.01
  795.71,    0.01
  795.94,    0.01
  796.16,    0.01
  796.39,    0.01
  796.62,    0.01
  796.84,    0.01
  797.07,    0.01
  797.30,    0.01
  797.53,    0.01
  797.75,    0.01
  797.98,    0.01
  798.21,    0.01
  798.43,    0.01
  798.66,    0.01
  798.89,    0.01
  799.12,    0.01
  799.34,    0.01
  799.57,    0.01
  799.80,    0.01
  800.02,    0.01
  800.25,    0.01
  800.48,    0.01
  800.70,    0.01
  800.93,    0.01
  801.16,    0.01
  801.38,    0.01
  801.61,    0.01
  801.84,    0.01
  802.06,    0.01
  802.29,    0.01
  802.52,    0.01
  802.74,    0.01
  802.97,    0.01
  803.20,    0.01
  803.42,    0.01
  803.65,    0.01
  803.88,    0.01
  804.10,    0.01
  804.33,    0.01
  804.56,    0.01
  804.78,    0.01
  805.01,    0.01
  805.24,    0.01
  805.46,    0.01
  805.69,    0.01
  805.92,    0.01
  806.14,    0.01
  806.37,    0.01
  806.60,    0.01
  806.82,    0.01
  807.05,    0.01
  807.27,    0.01
  807.50,    0.01
  807.73,    0.01
  807.95,    0.01
  808.18,    0.01
  808.41,    0.01
  808.63,    0.01
  808.86,    0.01
  809.08,    0.01
  809.31,    0.01
  809.54,    0.01
  809.76,    0.01
  809.99,    0.01
  810.22,    0.01
  810.44,    0.01
  810.67,    0.01
  810.89,    0.01
  811.12,    0.01
  811.35,    0.01
  811.57,    0.01
  811.80,    0.01
  812.02,    0.01
  812.25,    0.01
  812.48,    0.01
  812.70,    0.01
  812.93,    0.01
  813.15,    0.01
  813.38,    0.01
  813.60,    0.01
  813.83,    0.01
  814.06,    0.01
  814.28,    0.01
  814.51,    0.01
  814.73,    0.01
  814.96,    0.01
  815.19,    0.01
  815.41,    0.01
  815.64,    0.01
  815.86,    0.01
  816.09,    0.01
  816.31,    0.01
  816.54,    0.01
  816.76,    0.01
  816.99,    0.01
  817.22,    0.01
  817.44,    0.01
  817.67,    0.01
  817.89,    0.01
  818.12,    0.01
  818.34,    0.01
  818.57,    0.01
  818.79,    0.01
  819.02,    0.01
  819.25,    0.01
  819.47,    0.01
  819.70,    0.01
  819.92,    0.01
  820.15,    0.01
  820.37,    0.01
  820.60,    0.01
  820.82,    0.01
  821.05,    0.01
  821.27,    0.01
  821.50,    0.01
  821.72,    0.01
  821.95,    0.01
  822.17,    0.01
  822.40,    0.01
  822.62,    0.01
  822.85,    0.01
  823.07,    0.01
  823.30,    0.01
  823.52,    0.01
  823.75,    0.01
  823.97,    0.01
  824.20,    0.01
  824.42,    0.01
  824.65,    0.01
  824.87,    0.01
  825.10,    0.01
  825.32,    0.01
  825.55,    0.01
  825.77,    0.01
  826.00,    0.01
  826.22,    0.01
  826.45,    0.01
  826.67,    0.01
  826.90,    0.01
  827.12,    0.01
  827.35,    0.01
  827.57,    0.01
  827.80,    0.01
  828.02,    0.01
  828.25,    0.01
  828.47,    0.01
  828.70,    0.01
  828.92,    0.01
  829.15,    0.01
  829.37,    0.01
  829.60,    0.01
  829.82,    0.01
  830.04,    0.01
  830.27,    0.01
  830.49,    0.01
  830.72,    0.01
  830.94,    0.01
  831.17,    0.01
  831.39,    0.01
  831.62,    0.01
  831.84,    0.01
  832.07,    0.01
  832.29,    0.01
  832.51,    0.01
  832.74,    0.01
  832.96,    0.01
  833.19,    0.01
  833.41,    0.01
  833.64,    0.01
  833.86,    0.01
  834.08,    0.01
  834.31,    0.01
  834.53,    0.01
  834.76,    0.01
  834.98,    0.01
  835.21,    0.01
  835.43,    0.01
  835.65,    0.01
  835.88,    0.01
  836.10,    0.01
  836.33,    0.01
  836.55,    0.01
  836.77,    0.01
  837.00,    0.01
  837.22,    0.01
  837.45,    0.01
  837.67,    0.01
  837.89,    0.01
  838.12,    0.01
  838.34,    0.01
  838.57,    0.01
  838.79,    0.01
  839.01,    0.01
  839.24,    0.01
  839.46,    0.01
  839.69,    0.01
  839.91,    0.01
  840.13,    0.01
  840.36,    0.01
  840.58,    0.01
  840.80,    0.01
  841.03,    0.01
  841.25,    0.01
  841.48,    0.01
  841.70,    0.01
  841.92,    0.01
  842.15,    0.01
  842.37,    0.01
  842.59,    0.01
  842.82,    0.01
  843.04,    0.01
  843.26,    0.01
  843.49,    0.01
  843.71,    0.01
  843.93,    0.01
  844.16,    0.01
  844.38,    0.01
  844.60,    0.01
  844.83,    0.01
  845.05,    0.01
  845.28,    0.01
  845.50,    0.01
  845.72,    0.01
  845.95,    0.01
  846.17,    0.01
  846.39,    0.01
  846.62,    0.01
  846.84,    0.01
  847.06,    0.01
  847.28,    0.01
  847.51,    0.01
  847.73,    0.01
  847.95,    0.01
  848.18,    0.01
  848.40,    0.01
  848.62,    0.01
  848.85,    0.01
  849.07,    0.01
  849.29,    0.01
  849.52,    0.01
  849.74,    0.01
  849.96,    0.01
  850.19,    0.01
  850.41,    0.01
  850.63,    0.01
  850.85,    0.01
  851.08,    0.01
  851.30,    0.01
  851.52,    0.01
  851.75,    0.01
  851.97,    0.01
  852.19,    0.01
  852.41,    0.01
  852.64,    0.01
  852.86,    0.01
  853.08,    0.01
  853.31,    0.01
  853.53,    0.01
  853.75,    0.01
  853.97,    0.01
  854.20,    0.01
  854.42,    0.01
  854.64,    0.01
  854.86,    0.01
  855.09,    0.01
  855.31,    0.01
  855.53,    0.01
  855.76,    0.01
  855.98,    0.01
  856.20,    0.01
  856.42,    0.01
  856.65,    0.01
  856.87,    0.01
  857.09,    0.01
  857.31,    0.01
  857.54,    0.01
  857.76,    0.01
  857.98,    0.01
  858.20,    0.01
  858.42,    0.01
  858.65,    0.01
  858.87,    0.01
  859.09,    0.01
  859.31,    0.01
  859.54,    0.01
  859.76,    0.01
  859.98,    0.01
  860.20,    0.01
  860.43,    0.01
  860.65,    0.01
  860.87,    0.01
  861.09,    0.01
  861.31,    0.01
  861.54,    0.01
  861.76,    0.01
  861.98,    0.01
  862.20,    0.01
  862.42,    0.01
  862.65,    0.01
  862.87,    0.01
  863.09,    0.02
  863.31,    0.02
  863.53,    0.01
  863.76,    0.02
  863.98,    0.02
  864.20,    0.01
  864.42,    0.01
  864.64,    0.01
  864.87,    0.01
  865.09,    0.01
  865.31,    0.01
  865.53,    0.01
  865.75,    0.01
  865.97,    0.01
  866.20,    0.01
  866.42,    0.01
  866.64,    0.02
  866.86,    0.02
  867.08,    0.01
  867.31,    0.01
  867.53,    0.02
  867.75,    0.02
  867.97,    0.01
  868.19,    0.02
  868.41,    0.02
  868.63,    0.02
  868.86,    0.02
  869.08,    0.01
  869.30,    0.01
  869.52,    0.02
  869.74,    0.02
  869.96,    0.02
  870.19,    0.02
  870.41,    0.02
  870.63,    0.02
  870.85,    0.02
  871.07,    0.02
  871.29,    0.02
  871.51,    0.02
  871.73,    0.02
  871.96,    0.02
  872.18,    0.02
  872.40,    0.02
  872.62,    0.02
  872.84,    0.02
  873.06,    0.02
  873.28,    0.02
  873.50,    0.02
  873.73,    0.02
  873.95,    0.02
  874.17,    0.02
  874.39,    0.02
  874.61,    0.02
  874.83,    0.02
  875.05,    0.02
  875.27,    0.02
  875.49,    0.02
  875.72,    0.02
  875.94,    0.02
  876.16,    0.02
  876.38,    0.02
  876.60,    0.02
  876.82,    0.02
  877.04,    0.02
  877.26,    0.02
  877.48,    0.02
  877.70,    0.01
  877.92,    0.01
  878.15,    0.01
  878.37,    0.01
  878.59,    0.01
  878.81,    0.01
  879.03,    0.01
  879.25,    0.02
  879.47,    0.02
  879.69,    0.02
  879.91,    0.02
  880.13,    0.02
  880.35,    0.02
  880.57,    0.02
  880.79,    0.02
  881.01,    0.02
  881.24,    0.02
  881.46,    0.02
  881.68,    0.02
  881.90,    0.02
  882.12,    0.02
  882.34,    0.02
  882.56,    0.02
  882.78,    0.01
  883.00,    0.02
  883.22,    0.02
  883.44,    0.02
  883.66,    0.02
  883.88,    0.02
  884.10,    0.02
  884.32,    0.02
  884.54,    0.02
  884.76,    0.02
  884.98,    0.02
  885.20,    0.02
  885.42,    0.02
  885.64,    0.02
  885.86,    0.01
  886.08,    0.02
  886.30,    0.02
  886.52,    0.02
  886.74,    0.02
  886.96,    0.02
  887.18,    0.01
  887.40,    0.01
  887.62,    0.02
  887.84,    0.02
  888.06,    0.02
  888.28,    0.02
  888.50,    0.02
  888.72,    0.02
  888.94,    0.02
  889.16,    0.02
  889.38,    0.02
  889.60,    0.02
  889.82,    0.02
  890.04,    0.02
  890.26,    0.02
  890.48,    0.02
  890.70,    0.02
  890.92,    0.02
  891.14,    0.02
  891.36,    0.02
  891.58,    0.02
  891.80,    0.02
  892.02,    0.02
  892.24,    0.02
  892.46,    0.02
  892.68,    0.02
  892.90,    0.02
  893.12,    0.02
  893.34,    0.02
  893.56,    0.02
  893.78,    0.02
  894.00,    0.02
  894.22,    0.02
  894.44,    0.02
  894.66,    0.02
  894.88,    0.02
  895.10,    0.02
  895.32,    0.02
  895.54,    0.02
  895.76,    0.02
  895.97,    0.02
  896.19,    0.02
  896.41,    0.02
  896.63,    0.02
  896.85,    0.02
  897.07,    0.02
  897.29,    0.02
  897.51,    0.02
  897.73,    0.02
  897.95,    0.02
  898.17,    0.02
  898.39,    0.02
  898.61,    0.02
  898.83,    0.02
  899.04,    0.02
  899.26,    0.02
  899.48,    0.02
  899.70,    0.02
  899.92,    0.02
  900.14,    0.02
  900.36,    0.02
  900.58,    0.02
  900.80,    0.02
  901.02,    0.02
  901.24,    0.02
  901.45,    0.02
  901.67,    0.02
  901.89,    0.02
  902.11,    0.02
  902.33,    0.02
  902.55,    0.02
  902.77,    0.02
  902.99,    0.02
  903.21,    0.02
  903.42,    0.02
  903.64,    0.02
  903.86,    0.02
  904.08,    0.02
  904.30,    0.02
  904.52,    0.02
  904.74,    0.02
  904.96,    0.02
  905.17,    0.02
  905.39,    0.02
  905.61,    0.02
  905.83,    0.02
  906.05,    0.02
  906.27,    0.02
  906.49,    0.02
  906.70,    0.02
  906.92,    0.02
  907.14,    0.02
  907.36,    0.02
  907.58,    0.02
  907.80,    0.02
  908.02,    0.02
  908.23,    0.02
  908.45,    0.02
  908.67,    0.02
  908.89,    0.02
  909.11,    0.02
  909.33,    0.02
  909.54,    0.02
  909.76,    0.02
  909.98,    0.02
  910.20,    0.02
  910.42,    0.02
  910.64,    0.02
  910.85,    0.02
  911.07,    0.02
  911.29,    0.02
  911.51,    0.02
  911.73,    0.02
  911.94,    0.02
  912.16,    0.02
  912.38,    0.02
  912.60,    0.02
  912.82,    0.02
  913.03,    0.02
  913.25,    0.02
  913.47,    0.02
  913.69,    0.02
  913.91,    0.02
  914.12,    0.02
  914.34,    0.02
  914.56,    0.02
  914.78,    0.02
  915.00,    0.02
  915.21,    0.02
  915.43,    0.02
  915.65,    0.02
  915.87,    0.02
  916.09,    0.02
  916.30,    0.02
  916.52,    0.02
  916.74,    0.02
  916.96,    0.02
  917.17,    0.02
  917.39,    0.02
  917.61,    0.02
  917.83,    0.02
  918.05,    0.02
  918.26,    0.02
  918.48,    0.02
  918.70,    0.02
  918.92,    0.02
  919.13,    0.02
  919.35,    0.02
  919.57,    0.02
  919.79,    0.02
  920.00,    0.02
  920.22,    0.02
  920.44,    0.02
  920.66,    0.02
  920.87,    0.02
  921.09,    0.02
  921.31,    0.02
  921.53,    0.02
  921.74,    0.02
  921.96,    0.02
  922.18,    0.02
  922.39,    0.02
  922.61,    0.02
  922.83,    0.02
  923.05,    0.02
  923.26,    0.02
  923.48,    0.02
  923.70,    0.02
  923.92,    0.02
  924.13,    0.02
  924.35,    0.02
  924.57,    0.02
  924.78,    0.02
  925.00,    0.02
  925.22,    0.02
  925.44,    0.02
  925.65,    0.02
  925.87,    0.02
  926.09,    0.02
  926.30,    0.02
  926.52,    0.02
  926.74,    0.02
  926.95,    0.02
  927.17,    0.02
  927.39,    0.02
  927.60,    0.02
  927.82,    0.02
  928.04,    0.02
  928.26,    0.02
  928.47,    0.02
  928.69,    0.02
  928.91,    0.02
  929.12,    0.02
  929.34,    0.02
  929.56,    0.02
  929.77,    0.02
  929.99,    0.02
  930.21,    0.02
  930.42,    0.02
  930.64,    0.02
  930.86,    0.02
  931.07,    0.02
  931.29,    0.02
  931.51,    0.02
  931.72,    0.02
  931.94,    0.02
  932.16,    0.02
  932.37,    0.02
  932.59,    0.02
  932.81,    0.02
  933.02,    0.02
  933.24,    0.02
  933.45,    0.02
  933.67,    0.02
  933.89,    0.02
  934.10,    0.02
  934.32,    0.02
  934.54,    0.02
  934.75,    0.02
  934.97,    0.02
  935.19,    0.02
  935.40,    0.02
  935.62,    0.02
  935.83,    0.02
  936.05,    0.02
  936.27,    0.02
  936.48,    0.02
  936.70,    0.02
  936.91,    0.02
  937.13,    0.02
  937.35,    0.02
  937.56,    0.02
  937.78,    0.02
  938.00,    0.02
  938.21,    0.02
  938.43,    0.02
  938.64,    0.02
  938.86,    0.02
  939.08,    0.02
  939.29,    0.02
  939.51,    0.02
  939.72,    0.02
  939.94,    0.02
  940.15,    0.02
  940.37,    0.02
  940.59,    0.02
  940.80,    0.02
  941.02,    0.02
  941.23,    0.02
  941.45,    0.02
  941.67,    0.02
  941.88,    0.02
  942.10,    0.02
  942.31,    0.02
  942.53,    0.02
  942.74,    0.02
  942.96,    0.02
  943.18,    0.02
  943.39,    0.02
  943.61,    0.02
  943.82,    0.02
  944.04,    0.02
  944.25,    0.02
  944.47,    0.02
  944.68,    0.02
  944.90,    0.02
  945.12,    0.02
  945.33,    0.02
  945.55,    0.02
  945.76,    0.02
  945.98,    0.02
  946.19,    0.02
  946.41,    0.02
  946.62,    0.02
  946.84,    0.02
  947.05,    0.02
  947.27,    0.02
  947.48,    0.02
  947.70,    0.02
  947.91,    0.02
  948.13,    0.02
  948.35,    0.02
  948.56,    0.02
  948.78,    0.02
  948.99,    0.02
  949.21,    0.02
  949.42,    0.02
  949.64,    0.02
  949.85,    0.02
  950.07,    0.02
  950.28,    0.02
  950.50,    0.02
  950.71,    0.02
  950.93,    0.02
  951.14,    0.02
  951.36,    0.02
  951.57,    0.02
  951.79,    0.02
  952.00,    0.02
  952.22,    0.02
  952.43,    0.02
  952.65,    0.02
  952.86,    0.02
  953.08,    0.02
  953.29,    0.02
  953.51,    0.02
  953.72,    0.02
  953.93,    0.02
  954.15,    0.02
  954.36,    0.02
  954.58,    0.02
  954.79,    0.02
  955.01,    0.02
  955.22,    0.03
  955.44,    0.02
  955.65,    0.03
  955.87,    0.03
  956.08,    0.03
  956.30,    0.03
  956.51,    0.02
  956.73,    0.03
  956.94,    0.03
  957.15,    0.03
  957.37,    0.03
  957.58,    0.02
  957.80,    0.02
  958.01,    0.02
  958.23,    0.02
  958.44,    0.02
  958.66,    0.02
  958.87,    0.02
  959.08,    0.02
  959.30,    0.02
  959.51,    0.02
  959.73,    0.02
  959.94,    0.03
  960.16,    0.03
  960.37,    0.02
  960.58,    0.02
  960.80,    0.02
  961.01,    0.02
  961.23,    0.02
  961.44,    0.02
  961.65,    0.02
  961.87,    0.02
  962.08,    0.02
  962.30,    0.02
  962.51,    0.02
  962.73,    0.02
  962.94,    0.02
  963.15,    0.02
  963.37,    0.02
  963.58,    0.02
  963.80,    0.02
  964.01,    0.02
  964.22,    0.02
  964.44,    0.02
  964.65,    0.02
  964.86,    0.02
  965.08,    0.02
  965.29,    0.02
  965.51,    0.02
  965.72,    0.02
  965.93,    0.02
  966.15,    0.02
  966.36,    0.02
  966.58,    0.02
  966.79,    0.02
  967.00,    0.02
  967.22,    0.02
  967.43,    0.02
  967.64,    0.02
  967.86,    0.02
  968.07,    0.02
  968.28,    0.02
  968.50,    0.02
  968.71,    0.02
  968.93,    0.02
  969.14,    0.03
  969.35,    0.03
  969.57,    0.03
  969.78,    0.03
  969.99,    0.03
  970.21,    0.03
  970.42,    0.03
  970.63,    0.03
  970.85,    0.03
  971.06,    0.03
  971.27,    0.03
  971.49,    0.03
  971.70,    0.02
  971.91,    0.03
  972.13,    0.03
  972.34,    0.03
  972.55,    0.03
  972.77,    0.03
  972.98,    0.03
  973.19,    0.03
  973.41,    0.03
  973.62,    0.03
  973.83,    0.03
  974.05,    0.03
  974.26,    0.03
  974.47,    0.03
  974.68,    0.03
  974.90,    0.03
  975.11,    0.03
  975.32,    0.03
  975.54,    0.03
  975.75,    0.03
  975.96,    0.03
  976.18,    0.03
  976.39,    0.03
  976.60,    0.03
  976.81,    0.03
  977.03,    0.03
  977.24,    0.03
  977.45,    0.03
  977.67,    0.03
  977.88,    0.03
  978.09,    0.03
  978.30,    0.02
  978.52,    0.02
  978.73,    0.02
  978.94,    0.02
  979.16,    0.02
  979.37,    0.02
  979.58,    0.02
  979.79,    0.02
  980.01,    0.03
  980.22,    0.03
  980.43,    0.03
  980.64,    0.03
  980.86,    0.03
  981.07,    0.03
  981.28,    0.03
  981.49,    0.03
  981.71,    0.03
  981.92,    0.03
  982.13,    0.03
  982.34,    0.03
  982.56,    0.03
  982.77,    0.03
  982.98,    0.03
  983.19,    0.03
  983.41,    0.03
  983.62,    0.03
  983.83,    0.03
  984.04,    0.03
  984.26,    0.03
  984.47,    0.03
  984.68,    0.03
  984.89,    0.03
  985.10,    0.03
  985.32,    0.03
  985.53,    0.03
  985.74,    0.03
  985.95,    0.03
  986.16,    0.03
  986.38,    0.03
  986.59,    0.03
  986.80,    0.03
  987.01,    0.03
  987.23,    0.03
  987.44,    0.03
  987.65,    0.03
  987.86,    0.03
  988.07,    0.03
  988.29,    0.03
  988.50,    0.03
  988.71,    0.03
  988.92,    0.03
  989.13,    0.03
  989.34,    0.03
  989.56,    0.03
  989.77,    0.03
  989.98,    0.03
  990.19,    0.03
  990.40,    0.03
  990.62,    0.03
  990.83,    0.03
  991.04,    0.03
  991.25,    0.03
  991.46,    0.03
  991.67,    0.03
  991.89,    0.03
  992.10,    0.03
  992.31,    0.03
  992.52,    0.03
  992.73,    0.03
  992.94,    0.03
  993.16,    0.03
  993.37,    0.03
  993.58,    0.03
  993.79,    0.03
  994.00,    0.03
  994.21,    0.03
  994.42,    0.03
  994.64,    0.03
  994.85,    0.03
  995.06,    0.03
  995.27,    0.03
  995.48,    0.03
  995.69,    0.03
  995.90,    0.03
  996.12,    0.03
  996.33,    0.03
  996.54,    0.03
  996.75,    0.03
  996.96,    0.03
  997.17,    0.03
  997.38,    0.03
  997.59,    0.03
  997.81,    0.03
  998.02,    0.03
  998.23,    0.03
  998.44,    0.03
  998.65,    0.03
  998.86,    0.03
  999.07,    0.03
  999.28,    0.03
  999.49,    0.03
  999.71,    0.03
  999.92,    0.03
 1000.13,    0.03
 1000.34,    0.03
 1000.55,    0.03
 1000.76,    0.03
 1000.97,    0.03
 1001.18,    0.03
 1001.39,    0.03
 1001.60,    0.03
 1001.82,    0.03
 1002.03,    0.03
 1002.24,    0.03
 1002.45,    0.03
 1002.66,    0.03
 1002.87,    0.03
 1003.08,    0.03
 1003.29,    0.03
 1003.50,    0.03
 1003.71,    0.03
 1003.92,    0.03
 1004.13,    0.03
 1004.34,    0.03
 1004.55,    0.03
 1004.77,    0.03
 1004.98,    0.03
 1005.19,    0.03
 1005.40,    0.03
 1005.61,    0.03
 1005.82,    0.03
 1006.03,    0.03
 1006.24,    0.03
 1006.45,    0.03
 1006.66,    0.03
 1006.87,    0.03
 1007.08,    0.03
 1007.29,    0.03
 1007.50,    0.03
 1007.71,    0.03
 1007.92,    0.03
 1008.13,    0.03
 1008.34,    0.03
 1008.55,    0.03
 1008.76,    0.03
 1008.97,    0.03
 1009.18,    0.03
 1009.39,    0.04
 1009.60,    0.04
 1009.81,    0.04
 1010.02,    0.03
 1010.23,    0.03
 1010.45,    0.03
 1010.66,    0.03
 1010.87,    0.03
 1011.08,    0.03
 1011.29,    0.03
 1011.50,    0.03
 1011.71,    0.03
 1011.92,    0.03
 1012.13,    0.03
 1012.34,    0.03
 1012.55,    0.03
 1012.76,    0.03
 1012.97,    0.03
 1013.18,    0.03
 1013.39,    0.03
 1013.60,    0.03
 1013.80,    0.04
 1014.01,    0.04
 1014.22,    0.04
 1014.43,    0.03
 1014.64,    0.03
 1014.85,    0.03
 1015.06,    0.03
 1015.27,    0.04
 1015.48,    0.03
 1015.69,    0.03
 1015.90,    0.03
 1016.11,    0.03
 1016.32,    0.03
 1016.53,    0.03
 1016.74,    0.03
 1016.95,    0.03
 1017.16,    0.03
 1017.37,    0.03
 1017.58,    0.03
 1017.79,    0.03
 1018.00,    0.03
 1018.21,    0.03
 1018.42,    0.03
 1018.63,    0.03
 1018.84,    0.03
 1019.05,    0.03
 1019.26,    0.03
 1019.46,    0.04
 1019.67,    0.04
 1019.88,    0.04
 1020.09,    0.04
 1020.30,    0.04
 1020.51,    0.04
 1020.72,    0.04
 1020.93,    0.04
 1021.14,    0.04
 1021.35,    0.03
 1021.56,    0.03
 1021.77,    0.03
 1021.98,    0.04
 1022.19,    0.04
 1022.39,    0.03
 1022.60,    0.03
 1022.81,    0.04
 1023.02,    0.04
 1023.23,    0.03
 1023.44,    0.03
 1023.65,    0.03
 1023.86,    0.04
 1024.07,    0.04
 1024.28,    0.03
 1024.48,    0.04
 1024.69,    0.04
 1024.90,    0.04
 1025.11,    0.04
 1025.32,    0.03
 1025.53,    0.04
 1025.74,    0.04
 1025.95,    0.04
 1026.16,    0.03
 1026.36,    0.03
 1026.57,    0.03
 1026.78,    0.03
 1026.99,    0.03
 1027.20,    0.03
 1027.41,    0.03
 1027.62,    0.03
 1027.83,    0.03
 1028.03,    0.03
 1028.24,    0.03
 1028.45,    0.03
 1028.66,    0.03
 1028.87,    0.03
 1029.08,    0.03
 1029.29,    0.03
 1029.49,    0.03
 1029.70,    0.03
 1029.91,    0.03
 1030.12,    0.03
 1030.33,    0.03
 1030.54,    0.03
 1030.75,    0.04
 1030.95,    0.03
 1031.16,    0.03
 1031.37,    0.04
 1031.58,    0.03
 1031.79,    0.04
 1032.00,    0.04
 1032.20,    0.03
 1032.41,    0.03
 1032.62,    0.03
 1032.83,    0.03
 1033.04,    0.03
 1033.25,    0.03
 1033.45,    0.03
 1033.66,    0.03
 1033.87,    0.03
 1034.08,    0.03
 1034.29,    0.03
 1034.49,    0.03
 1034.70,    0.03
 1034.91,    0.03
 1035.12,    0.03
 1035.33,    0.03
 1035.54,    0.04
 1035.74,    0.04
 1035.95,    0.03
 1036.16,    0.03
 1036.37,    0.03
 1036.58,    0.03
 1036.78,    0.03
 1036.99,    0.03
 1037.20,    0.03
 1037.41,    0.03
 1037.61,    0.03
 1037.82,    0.03
 1038.03,    0.03
 1038.24,    0.03
 1038.45,    0.03
 1038.65,    0.03
 1038.86,    0.03
 1039.07,    0.03
 1039.28,    0.03
 1039.49,    0.03
 1039.69,    0.03
 1039.90,    0.04
 1040.11,    0.04
 1040.32,    0.04
 1040.52,    0.04
 1040.73,    0.04
 1040.94,    0.04
 1041.15,    0.04
 1041.35,    0.04
 1041.56,    0.04
 1041.77,    0.04
 1041.98,    0.04
 1042.18,    0.04
 1042.39,    0.04
 1042.60,    0.04
 1042.81,    0.04
 1043.01,    0.04
 1043.22,    0.04
 1043.43,    0.04
 1043.64,    0.03
 1043.84,    0.03
 1044.05,    0.03
 1044.26,    0.03
 1044.47,    0.03
 1044.67,    0.03
 1044.88,    0.03
 1045.09,    0.03
 1045.29,    0.03
 1045.50,    0.03
 1045.71,    0.03
 1045.92,    0.03
 1046.12,    0.03
 1046.33,    0.03
 1046.54,    0.03
 1046.74,    0.03
 1046.95,    0.03
 1047.16,    0.03
 1047.37,    0.03
 1047.57,    0.03
 1047.78,    0.03
 1047.99,    0.03
 1048.19,    0.03
 1048.40,    0.03
 1048.61,    0.03
 1048.81,    0.03
 1049.02,    0.03
 1049.23,    0.03
 1049.44,    0.03
 1049.64,    0.03
 1049.85,    0.03
 1050.06,    0.03
 1050.26,    0.03
 1050.47,    0.04
 1050.68,    0.04
 1050.88,    0.04
 1051.09,    0.03
 1051.30,    0.04
 1051.50,    0.03
 1051.71,    0.04
 1051.92,    0.03
 1052.12,    0.03
 1052.33,    0.03
 1052.54,    0.03
 1052.74,    0.02
 1052.95,    0.02
 1053.16,    0.02
 1053.36,    0.01
 1053.57,    0.01
 1053.78,    0.02
 1053.98,    0.02
 1054.19,    0.02
 1054.40,    0.02
 1054.60,    0.02
 1054.81,    0.02
 1055.01,    0.03
 1055.22,    0.03
 1055.43,    0.03
 1055.63,    0.03
 1055.84,    0.03
 1056.05,    0.03
 1056.25,    0.03
 1056.46,    0.03
 1056.67,    0.02
 1056.87,    0.03
 1057.08,    0.03
 1057.28,    0.02
 1057.49,    0.02
 1057.70,    0.02
 1057.90,    0.02
 1058.11,    0.02
 1058.31,    0.02
 1058.52,    0.02
 1058.73,    0.02
 1058.93,    0.02
 1059.14,    0.02
 1059.35,    0.02
 1059.55,    0.02
 1059.76,    0.02
 1059.96,    0.01
 1060.17,    0.00
 1060.38,    0.00
 1060.58,    0.00
 1060.79,    0.00
 1060.99,    0.00
