  194.37,   -0.48
  194.64,   -0.48
  194.91,   -0.48
  195.18,    6.00
  195.45,   -0.04
  195.72,    6.00
  195.99,    0.29
  196.26,   -0.28
  196.53,   -0.66
  196.80,   -0.32
  197.07,   -0.16
  197.34,    6.00
  197.61,    0.14
  197.87,    0.19
  198.14,    0.13
  198.41,    0.11
  198.68,    0.12
  198.95,    0.12
  199.22,    0.09
  199.49,    0.08
  199.76,    0.10
  200.03,    0.11
  200.30,    0.10
  200.57,    0.11
  200.83,    0.06
  201.10,    0.09
  201.37,    0.11
  201.64,    0.10
  201.91,    0.12
  202.18,    0.13
  202.45,    0.12
  202.72,    0.12
  202.98,    0.09
  203.25,    0.08
  203.52,    0.07
  203.79,    0.09
  204.06,    0.09
  204.33,    0.08
  204.60,    0.09
  204.87,    0.04
  205.13,    0.03
  205.40,    0.05
  205.67,    0.05
  205.94,    0.10
  206.21,    0.10
  206.48,    0.14
  206.75,    0.14
  207.01,    0.13
  207.28,    0.12
  207.55,    0.14
  207.82,    0.20
  208.09,    0.20
  208.36,    0.19
  208.63,    0.19
  208.89,    0.17
  209.16,    0.16
  209.43,    0.11
  209.70,    0.09
  209.97,    0.10
  210.24,    0.10
  210.50,    0.07
  210.77,    0.03
  211.04,    0.03
  211.31,    0.02
  211.58,    0.02
  211.85,    0.02
  212.11,    0.02
  212.38,    0.04
  212.65,    0.04
  212.92,    0.03
  213.19,    0.05
  213.45,    0.07
  213.72,    0.11
  213.99,    0.11
  214.26,    0.13
  214.53,    0.12
  214.79,    0.12
  215.06,    0.13
  215.33,    0.12
  215.60,    0.13
  215.87,    0.13
  216.13,    0.10
  216.40,    0.09
  216.67,    0.08
  216.94,    0.07
  217.21,    0.06
  217.47,    0.06
  217.74,    0.04
  218.01,    0.03
  218.28,    0.04
  218.55,    0.05
  218.81,    0.02
  219.08,    0.03
  219.35,    0.02
  219.62,    0.02
  219.88,    0.01
  220.15,    0.04
  220.42,    0.05
  220.69,    0.07
  220.95,    0.09
  221.22,    0.13
  221.49,    0.12
  221.76,    0.16
  222.03,    0.14
  222.29,    0.14
  222.56,    0.13
  222.83,    0.12
  223.10,    0.09
  223.36,    0.09
  223.63,    0.10
  223.90,    0.10
  224.17,    0.08
  224.43,    0.09
  224.70,    0.09
  224.97,    0.10
  225.23,    0.11
  225.50,    0.09
  225.77,    0.09
  226.04,    0.09
  226.30,    0.09
  226.57,    0.10
  226.84,    0.08
  227.11,    0.08
  227.37,    0.08
  227.64,    0.09
  227.91,    0.09
  228.17,    0.10
  228.44,    0.11
  228.71,    0.12
  228.98,    0.12
  229.24,    0.14
  229.51,    0.14
  229.78,    0.14
  230.04,    0.14
  230.31,    0.13
  230.58,    0.13
  230.85,    0.13
  231.11,    0.12
  231.38,    0.12
  231.65,    0.11
  231.91,    0.12
  232.18,    0.12
  232.45,    0.12
  232.71,    0.12
  232.98,    0.14
  233.25,    0.16
  233.51,    0.17
  233.78,    0.20
  234.05,    0.22
  234.31,    0.25
  234.58,    0.28
  234.85,    0.30
  235.11,    0.33
  235.38,    0.36
  235.65,    0.38
  235.91,    0.41
  236.18,    0.43
  236.45,    0.45
  236.71,    0.47
  236.98,    0.49
  237.25,    0.51
  237.51,    0.52
  237.78,    0.53
  238.05,    0.54
  238.31,    0.55
  238.58,    0.56
  238.85,    0.57
  239.11,    0.58
  239.38,    0.59
  239.65,    0.60
  239.91,    0.60
  240.18,    0.61
  240.45,    0.62
  240.71,    0.62
  240.98,    0.63
  241.24,    0.64
  241.51,    0.64
  241.78,    0.64
  242.04,    0.64
  242.31,    0.64
  242.58,    0.64
  242.84,    0.64
  243.11,    0.63
  243.37,    0.63
  243.64,    0.62
  243.91,    0.62
  244.17,    0.61
  244.44,    0.60
  244.70,    0.59
  244.97,    0.57
  245.24,    0.56
  245.50,    0.55
  245.77,    0.53
  246.03,    0.52
  246.30,    0.50
  246.57,    0.49
  246.83,    0.47
  247.10,    0.46
  247.36,    0.45
  247.63,    0.43
  247.90,    0.42
  248.16,    0.41
  248.43,    0.40
  248.69,    0.39
  248.96,    0.38
  249.23,    0.38
  249.49,    0.37
  249.76,    0.36
  250.02,    0.36
  250.29,    0.35
  250.55,    0.35
  250.82,    0.34
  251.09,    0.34
  251.35,    0.34
  251.62,    0.33
  251.88,    0.33
  252.15,    0.33
  252.41,    0.32
  252.68,    0.32
  252.94,    0.31
  253.21,    0.31
  253.48,    0.31
  253.74,    0.30
  254.01,    0.30
  254.27,    0.30
  254.54,    0.29
  254.80,    0.29
  255.07,    0.29
  255.33,    0.28
  255.60,    0.28
  255.86,    0.28
  256.13,    0.28
  256.40,    0.28
  256.66,    0.28
  256.93,    0.28
  257.19,    0.28
  257.46,    0.28
  257.72,    0.27
  257.99,    0.27
  258.25,    0.27
  258.52,    0.27
  258.78,    0.27
  259.05,    0.27
  259.31,    0.28
  259.58,    0.28
  259.84,    0.28
  260.11,    0.28
  260.37,    0.28
  260.64,    0.28
  260.90,    0.28
  261.17,    0.29
  261.43,    0.29
  261.70,    0.29
  261.96,    0.29
  262.23,    0.29
  262.49,    0.30
  262.76,    0.30
  263.02,    0.30
  263.29,    0.31
  263.55,    0.31
  263.82,    0.31
  264.08,    0.32
  264.35,    0.32
  264.61,    0.33
  264.88,    0.34
  265.14,    0.35
  265.41,    0.35
  265.67,    0.36
  265.93,    0.37
  266.20,    0.38
  266.46,    0.39
  266.73,    0.40
  266.99,    0.41
  267.26,    0.42
  267.52,    0.43
  267.79,    0.44
  268.05,    0.45
  268.32,    0.46
  268.58,    0.47
  268.85,    0.48
  269.11,    0.49
  269.37,    0.50
  269.64,    0.51
  269.90,    0.52
  270.17,    0.54
  270.43,    0.55
  270.70,    0.56
  270.96,    0.58
  271.23,    0.59
  271.49,    0.61
  271.75,    0.62
  272.02,    0.64
  272.28,    0.66
  272.55,    0.68
  272.81,    0.70
  273.08,    0.72
  273.34,    0.74
  273.60,    0.77
  273.87,    0.80
  274.13,    0.83
  274.40,    0.86
  274.66,    0.90
  274.92,    0.94
  275.19,    0.98
  275.45,    1.02
  275.72,    1.06
  275.98,    1.10
  276.24,    1.14
  276.51,    1.17
  276.77,    1.20
  277.04,    1.23
  277.30,    1.25
  277.56,    1.26
  277.83,    1.28
  278.09,    1.29
  278.36,    1.29
  278.62,    1.30
  278.88,    1.30
  279.15,    1.31
  279.41,    1.32
  279.68,    1.34
  279.94,    1.36
  280.20,    1.38
  280.47,    1.39
  280.73,    1.42
  280.99,    1.46
  281.26,    1.49
  281.52,    1.52
  281.78,    1.56
  282.05,    1.60
  282.31,    1.64
  282.58,    1.68
  282.84,    1.71
  283.10,    1.76
  283.37,    1.80
  283.63,    1.83
  283.89,    1.85
  284.16,    1.88
  284.42,    1.90
  284.68,    1.90
  284.95,    1.93
  285.21,    1.92
  285.47,    1.92
  285.74,    1.93
  286.00,    1.92
  286.26,    1.92
  286.53,    1.92
  286.79,    1.92
  287.05,    1.93
  287.32,    1.94
  287.58,    1.95
  287.84,    1.93
  288.11,    1.94
  288.37,    1.93
  288.63,    1.92
  288.90,    1.91
  289.16,    1.88
  289.42,    1.85
  289.69,    1.81
  289.95,    1.77
  290.21,    1.72
  290.48,    1.68
  290.74,    1.64
  291.00,    1.58
  291.26,    1.54
  291.53,    1.49
  291.79,    1.45
  292.05,    1.41
  292.32,    1.38
  292.58,    1.34
  292.84,    1.30
  293.11,    1.27
  293.37,    1.23
  293.63,    1.19
  293.89,    1.15
  294.16,    1.12
  294.42,    1.07
  294.68,    1.03
  294.95,    0.99
  295.21,    0.94
  295.47,    0.90
  295.73,    0.85
  296.00,    0.81
  296.26,    0.77
  296.52,    0.73
  296.78,    0.69
  297.05,    0.65
  297.31,    0.61
  297.57,    0.58
  297.83,    0.55
  298.10,    0.52
  298.36,    0.50
  298.62,    0.47
  298.88,    0.45
  299.15,    0.44
  299.41,    0.42
  299.67,    0.41
  299.93,    0.40
  300.20,    0.39
  300.46,    0.39
  300.72,    0.38
  300.98,    0.38
  301.25,    0.38
  301.51,    0.38
  301.77,    0.39
  302.03,    0.39
  302.30,    0.40
  302.56,    0.41
  302.82,    0.42
  303.08,    0.42
  303.34,    0.43
  303.61,    0.45
  303.87,    0.46
  304.13,    0.47
  304.39,    0.48
  304.66,    0.49
  304.92,    0.49
  305.18,    0.50
  305.44,    0.50
  305.70,    0.51
  305.97,    0.51
  306.23,    0.50
  306.49,    0.49
  306.75,    0.48
  307.01,    0.47
  307.28,    0.46
  307.54,    0.44
  307.80,    0.43
  308.06,    0.41
  308.32,    0.39
  308.59,    0.37
  308.85,    0.35
  309.11,    0.34
  309.37,    0.32
  309.63,    0.30
  309.89,    0.29
  310.16,    0.27
  310.42,    0.26
  310.68,    0.25
  310.94,    0.23
  311.20,    0.22
  311.47,    0.21
  311.73,    0.20
  311.99,    0.19
  312.25,    0.19
  312.51,    0.18
  312.77,    0.17
  313.03,    0.17
  313.30,    0.16
  313.56,    0.16
  313.82,    0.15
  314.08,    0.15
  314.34,    0.14
  314.60,    0.14
  314.87,    0.14
  315.13,    0.14
  315.39,    0.13
  315.65,    0.13
  315.91,    0.13
  316.17,    0.12
  316.43,    0.12
  316.70,    0.12
  316.96,    0.12
  317.22,    0.12
  317.48,    0.12
  317.74,    0.11
  318.00,    0.11
  318.26,    0.11
  318.52,    0.11
  318.79,    0.11
  319.05,    0.11
  319.31,    0.11
  319.57,    0.11
  319.83,    0.11
  320.09,    0.11
  320.35,    0.11
  320.61,    0.11
  320.87,    0.11
  321.14,    0.10
  321.40,    0.10
  321.66,    0.10
  321.92,    0.10
  322.18,    0.10
  322.44,    0.10
  322.70,    0.10
  322.96,    0.10
  323.22,    0.10
  323.48,    0.10
  323.74,    0.10
  324.01,    0.11
  324.27,    0.11
  324.53,    0.11
  324.79,    0.11
  325.05,    0.10
  325.31,    0.10
  325.57,    0.10
  325.83,    0.10
  326.09,    0.10
  326.35,    0.10
  326.61,    0.10
  326.87,    0.10
  327.13,    0.10
  327.39,    0.10
  327.66,    0.10
  327.92,    0.10
  328.18,    0.10
  328.44,    0.10
  328.70,    0.10
  328.96,    0.10
  329.22,    0.10
  329.48,    0.10
  329.74,    0.10
  330.00,    0.10
  330.26,    0.10
  330.52,    0.10
  330.78,    0.10
  331.04,    0.10
  331.30,    0.09
  331.56,    0.09
  331.82,    0.09
  332.08,    0.09
  332.34,    0.09
  332.60,    0.09
  332.86,    0.09
  333.12,    0.09
  333.38,    0.09
  333.64,    0.09
  333.90,    0.08
  334.16,    0.08
  334.43,    0.08
  334.69,    0.08
  334.95,    0.08
  335.21,    0.08
  335.47,    0.08
  335.73,    0.08
  335.99,    0.08
  336.25,    0.08
  336.51,    0.08
  336.77,    0.08
  337.03,    0.07
  337.29,    0.07
  337.55,    0.07
  337.81,    0.07
  338.07,    0.07
  338.33,    0.07
  338.59,    0.07
  338.85,    0.07
  339.10,    0.07
  339.36,    0.07
  339.62,    0.07
  339.88,    0.07
  340.14,    0.07
  340.40,    0.07
  340.66,    0.07
  340.92,    0.07
  341.18,    0.07
  341.44,    0.07
  341.70,    0.07
  341.96,    0.06
  342.22,    0.06
  342.48,    0.06
  342.74,    0.06
  343.00,    0.06
  343.26,    0.06
  343.52,    0.06
  343.78,    0.06
  344.04,    0.06
  344.30,    0.06
  344.56,    0.06
  344.82,    0.06
  345.08,    0.06
  345.34,    0.06
  345.60,    0.06
  345.85,    0.06
  346.11,    0.06
  346.37,    0.06
  346.63,    0.06
  346.89,    0.06
  347.15,    0.06
  347.41,    0.06
  347.67,    0.06
  347.93,    0.06
  348.19,    0.06
  348.45,    0.06
  348.71,    0.06
  348.97,    0.06
  349.23,    0.06
  349.48,    0.06
  349.74,    0.06
  350.00,    0.06
  350.26,    0.06
  350.52,    0.06
  350.78,    0.05
  351.04,    0.05
  351.30,    0.05
  351.56,    0.05
  351.82,    0.05
  352.07,    0.05
  352.33,    0.05
  352.59,    0.05
  352.85,    0.05
  353.11,    0.06
  353.37,    0.06
  353.63,    0.06
  353.89,    0.06
  354.15,    0.06
  354.40,    0.06
  354.66,    0.06
  354.92,    0.06
  355.18,    0.06
  355.44,    0.06
  355.70,    0.06
  355.96,    0.06
  356.22,    0.06
  356.47,    0.06
  356.73,    0.06
  356.99,    0.06
  357.25,    0.06
  357.51,    0.06
  357.77,    0.06
  358.03,    0.06
  358.28,    0.06
  358.54,    0.06
  358.80,    0.06
  359.06,    0.06
  359.32,    0.06
  359.58,    0.06
  359.84,    0.06
  360.09,    0.06
  360.35,    0.06
  360.61,    0.06
  360.87,    0.06
  361.13,    0.06
  361.39,    0.06
  361.64,    0.06
  361.90,    0.06
  362.16,    0.06
  362.42,    0.06
  362.68,    0.06
  362.94,    0.06
  363.19,    0.06
  363.45,    0.06
  363.71,    0.06
  363.97,    0.06
  364.23,    0.06
  364.48,    0.06
  364.74,    0.06
  365.00,    0.06
  365.26,    0.06
  365.52,    0.06
  365.78,    0.06
  366.03,    0.06
  366.29,    0.06
  366.55,    0.06
  366.81,    0.06
  367.07,    0.06
  367.32,    0.06
  367.58,    0.06
  367.84,    0.06
  368.10,    0.06
  368.35,    0.06
  368.61,    0.06
  368.87,    0.06
  369.13,    0.06
  369.39,    0.06
  369.64,    0.06
  369.90,    0.06
  370.16,    0.06
  370.42,    0.06
  370.67,    0.06
  370.93,    0.06
  371.19,    0.06
  371.45,    0.06
  371.71,    0.06
  371.96,    0.06
  372.22,    0.06
  372.48,    0.06
  372.74,    0.06
  372.99,    0.06
  373.25,    0.06
  373.51,    0.06
  373.77,    0.06
  374.02,    0.06
  374.28,    0.06
  374.54,    0.06
  374.80,    0.06
  375.05,    0.06
  375.31,    0.06
  375.57,    0.06
  375.83,    0.06
  376.08,    0.06
  376.34,    0.06
  376.60,    0.06
  376.85,    0.06
  377.11,    0.06
  377.37,    0.06
  377.63,    0.06
  377.88,    0.06
  378.14,    0.06
  378.40,    0.06
  378.66,    0.06
  378.91,    0.06
  379.17,    0.06
  379.43,    0.06
  379.68,    0.06
  379.94,    0.06
  380.20,    0.06
  380.46,    0.06
  380.71,    0.06
  380.97,    0.06
  381.23,    0.06
  381.48,    0.06
  381.74,    0.06
  382.00,    0.06
  382.25,    0.06
  382.51,    0.06
  382.77,    0.06
  383.02,    0.06
  383.28,    0.06
  383.54,    0.06
  383.80,    0.06
  384.05,    0.06
  384.31,    0.06
  384.57,    0.06
  384.82,    0.06
  385.08,    0.06
  385.34,    0.06
  385.59,    0.06
  385.85,    0.06
  386.11,    0.06
  386.36,    0.06
  386.62,    0.06
  386.88,    0.07
  387.13,    0.06
  387.39,    0.06
  387.65,    0.06
  387.90,    0.06
  388.16,    0.06
  388.42,    0.06
  388.67,    0.06
  388.93,    0.06
  389.18,    0.06
  389.44,    0.06
  389.70,    0.06
  389.95,    0.06
  390.21,    0.06
  390.47,    0.06
  390.72,    0.06
  390.98,    0.06
  391.24,    0.06
  391.49,    0.06
  391.75,    0.06
  392.00,    0.06
  392.26,    0.06
  392.52,    0.06
  392.77,    0.06
  393.03,    0.06
  393.29,    0.06
  393.54,    0.06
  393.80,    0.06
  394.05,    0.06
  394.31,    0.06
  394.57,    0.06
  394.82,    0.06
  395.08,    0.06
  395.33,    0.06
  395.59,    0.06
  395.85,    0.06
  396.10,    0.06
  396.36,    0.06
  396.61,    0.06
  396.87,    0.06
  397.13,    0.06
  397.38,    0.06
  397.64,    0.06
  397.89,    0.06
  398.15,    0.07
  398.41,    0.07
  398.66,    0.07
  398.92,    0.07
  399.17,    0.07
  399.43,    0.07
  399.68,    0.07
  399.94,    0.07
  400.20,    0.07
  400.45,    0.07
  400.71,    0.07
  400.96,    0.07
  401.22,    0.07
  401.47,    0.07
  401.73,    0.07
  401.99,    0.07
  402.24,    0.07
  402.50,    0.07
  402.75,    0.07
  403.01,    0.07
  403.26,    0.07
  403.52,    0.07
  403.77,    0.08
  404.03,    0.08
  404.29,    0.08
  404.54,    0.08
  404.80,    0.08
  405.05,    0.08
  405.31,    0.08
  405.56,    0.08
  405.82,    0.08
  406.07,    0.08
  406.33,    0.08
  406.58,    0.08
  406.84,    0.08
  407.09,    0.08
  407.35,    0.08
  407.60,    0.08
  407.86,    0.08
  408.11,    0.08
  408.37,    0.08
  408.63,    0.08
  408.88,    0.08
  409.14,    0.08
  409.39,    0.07
  409.65,    0.07
  409.90,    0.07
  410.16,    0.07
  410.41,    0.07
  410.67,    0.07
  410.92,    0.07
  411.18,    0.07
  411.43,    0.07
  411.69,    0.07
  411.94,    0.06
  412.20,    0.06
  412.45,    0.06
  412.71,    0.06
  412.96,    0.06
  413.21,    0.06
  413.47,    0.06
  413.72,    0.06
  413.98,    0.06
  414.23,    0.06
  414.49,    0.06
  414.74,    0.06
  415.00,    0.06
  415.25,    0.06
  415.51,    0.06
  415.76,    0.06
  416.02,    0.06
  416.27,    0.06
  416.53,    0.06
  416.78,    0.06
  417.04,    0.06
  417.29,    0.06
  417.54,    0.06
  417.80,    0.06
  418.05,    0.06
  418.31,    0.06
  418.56,    0.06
  418.82,    0.06
  419.07,    0.06
  419.33,    0.07
  419.58,    0.07
  419.83,    0.07
  420.09,    0.07
  420.34,    0.07
  420.60,    0.07
  420.85,    0.07
  421.11,    0.07
  421.36,    0.07
  421.61,    0.07
  421.87,    0.08
  422.12,    0.08
  422.38,    0.08
  422.63,    0.08
  422.89,    0.08
  423.14,    0.08
  423.39,    0.08
  423.65,    0.08
  423.90,    0.08
  424.16,    0.08
  424.41,    0.09
  424.66,    0.09
  424.92,    0.09
  425.17,    0.09
  425.43,    0.09
  425.68,    0.10
  425.93,    0.10
  426.19,    0.10
  426.44,    0.10
  426.70,    0.10
  426.95,    0.10
  427.20,    0.10
  427.46,    0.10
  427.71,    0.10
  427.97,    0.10
  428.22,    0.10
  428.47,    0.10
  428.73,    0.10
  428.98,    0.10
  429.23,    0.10
  429.49,    0.10
  429.74,    0.10
  430.00,    0.10
  430.25,    0.10
  430.50,    0.10
  430.76,    0.10
  431.01,    0.10
  431.26,    0.10
  431.52,    0.09
  431.77,    0.09
  432.02,    0.09
  432.28,    0.09
  432.53,    0.09
  432.78,    0.09
  433.04,    0.09
  433.29,    0.09
  433.54,    0.09
  433.80,    0.08
  434.05,    0.08
  434.31,    0.08
  434.56,    0.08
  434.81,    0.08
  435.07,    0.08
  435.32,    0.08
  435.57,    0.08
  435.82,    0.07
  436.08,    0.07
  436.33,    0.07
  436.58,    0.07
  436.84,    0.07
  437.09,    0.07
  437.34,    0.07
  437.60,    0.06
  437.85,    0.06
  438.10,    0.06
  438.36,    0.06
  438.61,    0.06
  438.86,    0.06
  439.12,    0.06
  439.37,    0.06
  439.62,    0.06
  439.88,    0.06
  440.13,    0.06
  440.38,    0.06
  440.63,    0.06
  440.89,    0.06
  441.14,    0.06
  441.39,    0.06
  441.65,    0.06
  441.90,    0.06
  442.15,    0.06
  442.40,    0.06
  442.66,    0.06
  442.91,    0.06
  443.16,    0.06
  443.42,    0.06
  443.67,    0.06
  443.92,    0.06
  444.17,    0.06
  444.43,    0.07
  444.68,    0.07
  444.93,    0.07
  445.18,    0.07
  445.44,    0.07
  445.69,    0.07
  445.94,    0.07
  446.19,    0.08
  446.45,    0.08
  446.70,    0.08
  446.95,    0.08
  447.20,    0.08
  447.46,    0.08
  447.71,    0.09
  447.96,    0.09
  448.21,    0.09
  448.47,    0.09
  448.72,    0.10
  448.97,    0.10
  449.22,    0.10
  449.48,    0.10
  449.73,    0.11
  449.98,    0.11
  450.23,    0.11
  450.49,    0.12
  450.74,    0.12
  450.99,    0.12
  451.24,    0.13
  451.49,    0.13
  451.75,    0.13
  452.00,    0.14
  452.25,    0.14
  452.50,    0.14
  452.76,    0.14
  453.01,    0.15
  453.26,    0.15
  453.51,    0.15
  453.76,    0.15
  454.02,    0.15
  454.27,    0.15
  454.52,    0.15
  454.77,    0.15
  455.02,    0.15
  455.28,    0.15
  455.53,    0.15
  455.78,    0.15
  456.03,    0.15
  456.28,    0.15
  456.53,    0.14
  456.79,    0.14
  457.04,    0.14
  457.29,    0.14
  457.54,    0.13
  457.79,    0.13
  458.05,    0.13
  458.30,    0.12
  458.55,    0.12
  458.80,    0.12
  459.05,    0.11
  459.30,    0.11
  459.56,    0.11
  459.81,    0.11
  460.06,    0.10
  460.31,    0.10
  460.56,    0.10
  460.81,    0.09
  461.07,    0.09
  461.32,    0.09
  461.57,    0.08
  461.82,    0.08
  462.07,    0.08
  462.32,    0.07
  462.57,    0.07
  462.83,    0.07
  463.08,    0.07
  463.33,    0.06
  463.58,    0.06
  463.83,    0.06
  464.08,    0.06
  464.33,    0.06
  464.59,    0.06
  464.84,    0.05
  465.09,    0.05
  465.34,    0.05
  465.59,    0.05
  465.84,    0.05
  466.09,    0.05
  466.34,    0.05
  466.59,    0.05
  466.85,    0.05
  467.10,    0.05
  467.35,    0.05
  467.60,    0.05
  467.85,    0.05
  468.10,    0.05
  468.35,    0.05
  468.60,    0.05
  468.85,    0.05
  469.11,    0.05
  469.36,    0.05
  469.61,    0.05
  469.86,    0.05
  470.11,    0.05
  470.36,    0.05
  470.61,    0.05
  470.86,    0.05
  471.11,    0.05
  471.36,    0.05
  471.61,    0.05
  471.87,    0.05
  472.12,    0.05
  472.37,    0.05
  472.62,    0.05
  472.87,    0.05
  473.12,    0.05
  473.37,    0.05
  473.62,    0.05
  473.87,    0.05
  474.12,    0.05
  474.37,    0.06
  474.62,    0.06
  474.87,    0.06
  475.12,    0.06
  475.37,    0.06
  475.62,    0.06
  475.88,    0.07
  476.13,    0.07
  476.38,    0.07
  476.63,    0.07
  476.88,    0.07
  477.13,    0.07
  477.38,    0.08
  477.63,    0.08
  477.88,    0.08
  478.13,    0.08
  478.38,    0.08
  478.63,    0.08
  478.88,    0.09
  479.13,    0.09
  479.38,    0.09
  479.63,    0.10
  479.88,    0.10
  480.13,    0.11
  480.38,    0.11
  480.63,    0.11
  480.88,    0.11
  481.13,    0.12
  481.38,    0.12
  481.63,    0.13
  481.88,    0.13
  482.13,    0.14
  482.38,    0.14
  482.63,    0.14
  482.88,    0.15
  483.13,    0.15
  483.38,    0.15
  483.63,    0.16
  483.88,    0.16
  484.13,    0.16
  484.38,    0.16
  484.63,    0.16
  484.88,    0.16
  485.13,    0.16
  485.38,    0.15
  485.63,    0.15
  485.88,    0.15
  486.13,    0.14
  486.38,    0.14
  486.63,    0.13
  486.88,    0.13
  487.13,    0.12
  487.38,    0.12
  487.63,    0.11
  487.88,    0.11
  488.13,    0.10
  488.38,    0.10
  488.63,    0.09
  488.88,    0.09
  489.13,    0.08
  489.38,    0.07
  489.63,    0.07
  489.88,    0.07
  490.13,    0.06
  490.38,    0.06
  490.63,    0.05
  490.87,    0.05
  491.12,    0.05
  491.37,    0.04
  491.62,    0.04
  491.87,    0.04
  492.12,    0.04
  492.37,    0.04
  492.62,    0.03
  492.87,    0.03
  493.12,    0.03
  493.37,    0.03
  493.62,    0.03
  493.87,    0.03
  494.12,    0.03
  494.37,    0.03
  494.61,    0.02
  494.86,    0.02
  495.11,    0.02
  495.36,    0.02
  495.61,    0.02
  495.86,    0.02
  496.11,    0.02
  496.36,    0.02
  496.61,    0.02
  496.86,    0.02
  497.11,    0.02
  497.35,    0.02
  497.60,    0.02
  497.85,    0.02
  498.10,    0.02
  498.35,    0.02
  498.60,    0.02
  498.85,    0.02
  499.10,    0.02
  499.35,    0.01
  499.60,    0.01
  499.84,    0.01
  500.09,    0.01
  500.34,    0.01
  500.59,    0.01
  500.84,    0.01
  501.09,    0.01
  501.34,    0.01
  501.59,    0.01
  501.83,    0.01
  502.08,    0.01
  502.33,    0.01
  502.58,    0.01
  502.83,    0.01
  503.08,    0.01
  503.33,    0.01
  503.57,    0.01
  503.82,    0.01
  504.07,    0.01
  504.32,    0.01
  504.57,    0.01
  504.82,    0.01
  505.07,    0.01
  505.31,    0.01
  505.56,    0.01
  505.81,    0.01
  506.06,    0.01
  506.31,    0.01
  506.56,    0.01
  506.80,    0.01
  507.05,    0.01
  507.30,    0.01
  507.55,    0.01
  507.80,    0.01
  508.05,    0.01
  508.29,    0.01
  508.54,    0.01
  508.79,    0.01
  509.04,    0.01
  509.29,    0.01
  509.54,    0.01
  509.78,    0.01
  510.03,    0.01
  510.28,    0.01
  510.53,    0.01
  510.78,    0.01
  511.02,    0.01
  511.27,    0.01
  511.52,    0.01
  511.77,    0.01
  512.02,    0.01
  512.26,    0.01
  512.51,    0.01
  512.76,    0.01
  513.01,    0.01
  513.26,    0.01
  513.50,    0.01
  513.75,    0.01
  514.00,    0.01
  514.25,    0.01
  514.50,    0.01
  514.74,    0.01
  514.99,    0.01
  515.24,    0.01
  515.49,    0.01
  515.73,    0.01
  515.98,    0.01
  516.23,    0.01
  516.48,    0.01
  516.72,    0.00
  516.97,    0.00
  517.22,    0.00
  517.47,    0.00
  517.72,    0.00
  517.96,    0.00
  518.21,    0.00
  518.46,    0.00
  518.71,    0.00
  518.95,    0.00
  519.20,    0.00
  519.45,    0.00
  519.70,    0.00
  519.94,    0.00
  520.19,    0.00
  520.44,    0.00
  520.68,    0.00
  520.93,    0.00
  521.18,    0.00
  521.43,    0.00
  521.67,    0.00
  521.92,    0.00
  522.17,    0.00
  522.42,    0.00
  522.66,    0.00
  522.91,    0.00
  523.16,    0.00
  523.40,    0.00
  523.65,    0.00
  523.90,    0.00
  524.15,   -0.00
  524.39,    0.00
  524.64,    0.00
  524.89,    0.00
  525.13,    0.00
  525.38,    0.00
  525.63,    0.00
  525.88,    0.00
  526.12,    0.00
  526.37,    0.00
  526.62,    0.00
  526.86,    0.00
  527.11,    0.00
  527.36,   -0.00
  527.60,   -0.00
  527.85,   -0.00
  528.10,   -0.00
  528.35,   -0.00
  528.59,   -0.00
  528.84,   -0.00
  529.09,   -0.00
  529.33,   -0.00
  529.58,   -0.00
  529.83,   -0.00
  530.07,   -0.00
  530.32,   -0.00
  530.57,   -0.00
  530.81,    0.00
  531.06,    0.00
  531.31,    0.00
  531.55,   -0.00
  531.80,   -0.00
  532.05,   -0.00
  532.29,   -0.00
  532.54,   -0.00
  532.79,   -0.00
  533.03,   -0.00
  533.28,   -0.00
  533.52,   -0.00
  533.77,   -0.00
  534.02,   -0.00
  534.26,   -0.00
  534.51,   -0.00
  534.76,   -0.00
  535.00,   -0.00
  535.25,   -0.00
  535.50,   -0.00
  535.74,   -0.00
  535.99,   -0.00
  536.23,   -0.00
  536.48,   -0.00
  536.73,   -0.00
  536.97,   -0.00
  537.22,   -0.00
  537.47,   -0.00
  537.71,   -0.00
  537.96,   -0.00
  538.20,   -0.00
  538.45,   -0.00
  538.70,   -0.00
  538.94,   -0.00
  539.19,   -0.00
  539.44,   -0.00
  539.68,   -0.00
  539.93,   -0.00
  540.17,   -0.00
  540.42,   -0.00
  540.67,   -0.00
  540.91,   -0.00
  541.16,   -0.00
  541.40,   -0.00
  541.65,   -0.00
  541.89,   -0.00
  542.14,   -0.00
  542.39,   -0.00
  542.63,   -0.00
  542.88,   -0.00
  543.12,   -0.00
  543.37,   -0.00
  543.62,   -0.00
  543.86,   -0.00
  544.11,   -0.00
  544.35,   -0.00
  544.60,   -0.00
  544.84,   -0.00
  545.09,   -0.00
  545.34,   -0.00
  545.58,   -0.00
  545.83,   -0.00
  546.07,   -0.00
  546.32,   -0.00
  546.56,   -0.00
  546.81,   -0.00
  547.05,   -0.00
  547.30,   -0.00
  547.55,   -0.00
  547.79,   -0.00
  548.04,   -0.00
  548.28,   -0.00
  548.53,   -0.00
  548.77,   -0.00
  549.02,   -0.00
  549.26,   -0.00
  549.51,   -0.00
  549.75,   -0.00
  550.00,   -0.00
  550.24,   -0.00
  550.49,   -0.00
  550.74,   -0.00
  550.98,   -0.00
  551.23,   -0.00
  551.47,   -0.00
  551.72,   -0.00
  551.96,   -0.00
  552.21,   -0.00
  552.45,   -0.00
  552.70,   -0.00
  552.94,   -0.00
  553.19,   -0.00
  553.43,   -0.00
  553.68,   -0.00
  553.92,   -0.00
  554.17,   -0.00
  554.41,   -0.00
  554.66,   -0.00
  554.90,   -0.00
  555.15,   -0.00
  555.39,   -0.00
  555.64,   -0.00
  555.88,   -0.01
  556.13,   -0.01
  556.37,   -0.00
  556.62,   -0.00
  556.86,   -0.00
  557.11,   -0.00
  557.35,   -0.00
  557.60,   -0.00
  557.84,   -0.00
  558.08,   -0.00
  558.33,   -0.00
  558.57,   -0.00
  558.82,   -0.00
  559.06,   -0.00
  559.31,   -0.00
  559.55,   -0.00
  559.80,   -0.00
  560.04,   -0.00
  560.29,   -0.00
  560.53,   -0.00
  560.78,   -0.00
  561.02,   -0.00
  561.27,   -0.00
  561.51,   -0.00
  561.75,   -0.00
  562.00,   -0.00
  562.24,   -0.00
  562.49,   -0.00
  562.73,   -0.00
  562.98,   -0.00
  563.22,   -0.00
  563.46,   -0.00
  563.71,   -0.00
  563.95,   -0.00
  564.20,   -0.00
  564.44,   -0.00
  564.69,   -0.00
  564.93,   -0.00
  565.17,   -0.00
  565.42,   -0.00
  565.66,   -0.00
  565.91,   -0.00
  566.15,   -0.00
  566.40,   -0.00
  566.64,   -0.00
  566.88,   -0.00
  567.13,   -0.00
  567.37,   -0.00
  567.62,   -0.00
  567.86,   -0.00
  568.10,   -0.00
  568.35,   -0.00
  568.59,   -0.00
  568.84,   -0.00
  569.08,   -0.00
  569.32,   -0.00
  569.57,   -0.00
  569.81,   -0.00
  570.06,   -0.00
  570.30,   -0.00
  570.54,   -0.00
  570.79,   -0.00
  571.03,   -0.00
  571.28,   -0.00
  571.52,   -0.00
  571.76,   -0.00
  572.01,   -0.00
  572.25,   -0.00
  572.49,   -0.00
  572.74,   -0.00
  572.98,   -0.00
  573.22,   -0.00
  573.47,   -0.00
  573.71,   -0.00
  573.96,   -0.00
  574.20,   -0.00
  574.44,   -0.00
  574.69,   -0.00
  574.93,   -0.00
  575.17,   -0.00
  575.42,   -0.00
  575.66,   -0.00
  575.90,   -0.00
  576.15,   -0.00
  576.39,   -0.00
  576.63,   -0.00
  576.88,   -0.00
  577.12,   -0.00
  577.36,   -0.00
  577.61,   -0.00
  577.85,   -0.00
  578.09,   -0.00
  578.34,   -0.00
  578.58,   -0.00
  578.82,   -0.00
  579.07,   -0.00
  579.31,   -0.00
  579.55,   -0.00
  579.80,   -0.00
  580.04,   -0.00
  580.28,   -0.00
  580.53,   -0.00
  580.77,   -0.00
  581.01,   -0.00
  581.26,   -0.00
  581.50,   -0.00
  581.74,   -0.00
  581.99,   -0.00
  582.23,    0.00
  582.47,   -0.00
  582.71,   -0.00
  582.96,   -0.00
  583.20,   -0.00
  583.44,   -0.00
  583.69,   -0.00
  583.93,   -0.00
  584.17,   -0.00
  584.41,   -0.00
  584.66,   -0.00
  584.90,   -0.00
  585.14,   -0.00
  585.39,    0.00
  585.63,   -0.00
  585.87,   -0.00
  586.11,   -0.00
  586.36,   -0.00
  586.60,   -0.00
  586.84,   -0.00
  587.08,   -0.00
  587.33,   -0.00
  587.57,   -0.00
  587.81,   -0.00
  588.06,   -0.00
  588.30,   -0.00
  588.54,    0.00
  588.78,    0.00
  589.03,    0.00
  589.27,   -0.00
  589.51,    0.00
  589.75,   -0.00
  590.00,   -0.00
  590.24,   -0.00
  590.48,   -0.00
  590.72,   -0.00
  590.97,   -0.00
  591.21,    0.00
  591.45,    0.00
  591.69,    0.00
  591.93,    0.00
  592.18,    0.00
  592.42,    0.00
  592.66,    0.00
  592.90,    0.00
  593.15,    0.00
  593.39,    0.00
  593.63,    0.00
  593.87,    0.00
  594.11,    0.00
  594.36,    0.00
  594.60,   -0.00
  594.84,   -0.00
  595.08,   -0.00
  595.33,   -0.00
  595.57,   -0.00
  595.81,   -0.00
  596.05,   -0.00
  596.29,   -0.00
  596.54,   -0.00
  596.78,    0.00
  597.02,    0.00
  597.26,    0.00
  597.50,    0.00
  597.75,    0.00
  597.99,    0.00
  598.23,    0.00
  598.47,    0.00
  598.71,    0.00
  598.95,    0.00
  599.20,    0.00
  599.44,    0.00
  599.68,    0.00
  599.92,    0.00
  600.16,    0.00
  600.40,   -0.00
  600.65,   -0.00
  600.89,   -0.00
  601.13,   -0.00
  601.37,   -0.00
  601.61,   -0.00
  601.85,   -0.00
  602.10,   -0.00
  602.34,   -0.00
  602.58,   -0.00
  602.82,   -0.00
  603.06,    0.00
  603.30,    0.00
  603.55,    0.00
  603.79,    0.00
  604.03,    0.00
  604.27,    0.00
  604.51,    0.00
  604.75,    0.00
  604.99,    0.00
  605.24,    0.00
  605.48,    0.00
  605.72,   -0.00
  605.96,   -0.00
  606.20,   -0.00
  606.44,   -0.00
  606.68,   -0.00
  606.92,   -0.00
  607.17,   -0.00
  607.41,   -0.00
  607.65,   -0.00
  607.89,   -0.00
  608.13,   -0.00
  608.37,   -0.00
  608.61,   -0.00
  608.85,    0.00
  609.09,    0.00
  609.34,    0.00
  609.58,    0.00
  609.82,    0.00
  610.06,    0.00
  610.30,    0.00
  610.54,    0.00
  610.78,    0.00
  611.02,    0.00
  611.26,    0.00
  611.50,    0.00
  611.75,   -0.00
  611.99,   -0.00
  612.23,   -0.00
  612.47,   -0.00
  612.71,   -0.00
  612.95,   -0.00
  613.19,   -0.00
  613.43,   -0.00
  613.67,   -0.00
  613.91,   -0.00
  614.15,   -0.00
  614.39,   -0.00
  614.64,   -0.00
  614.88,   -0.00
  615.12,   -0.00
  615.36,   -0.00
  615.60,   -0.00
  615.84,   -0.00
  616.08,   -0.00
  616.32,   -0.00
  616.56,   -0.00
  616.80,   -0.00
  617.04,    0.00
  617.28,    0.00
  617.52,    0.00
  617.76,    0.00
  618.00,    0.00
  618.24,    0.00
  618.48,    0.00
  618.72,    0.00
  618.96,    0.00
  619.20,    0.00
  619.45,   -0.00
  619.69,   -0.00
  619.93,   -0.00
  620.17,   -0.00
  620.41,   -0.00
  620.65,   -0.00
  620.89,   -0.00
  621.13,   -0.00
  621.37,   -0.00
  621.61,   -0.00
  621.85,   -0.00
  622.09,   -0.00
  622.33,   -0.00
  622.57,   -0.00
  622.81,   -0.00
  623.05,   -0.00
  623.29,   -0.00
  623.53,   -0.00
  623.77,   -0.00
  624.01,   -0.00
  624.25,   -0.00
  624.49,   -0.00
  624.73,   -0.00
  624.97,   -0.00
  625.21,    0.00
  625.45,   -0.00
  625.69,   -0.00
  625.93,   -0.00
  626.17,   -0.00
  626.41,    0.00
  626.65,    0.00
  626.89,    0.00
  627.13,    0.00
  627.37,   -0.00
  627.61,   -0.00
  627.85,   -0.00
  628.09,   -0.00
  628.33,   -0.00
  628.57,   -0.00
  628.80,   -0.00
  629.04,   -0.00
  629.28,   -0.00
  629.52,   -0.00
  629.76,   -0.00
  630.00,   -0.00
  630.24,    0.00
  630.48,   -0.00
  630.72,   -0.00
  630.96,   -0.00
  631.20,   -0.00
  631.44,   -0.00
  631.68,    0.00
  631.92,    0.00
  632.16,    0.00
  632.40,    0.00
  632.64,    0.00
  632.88,    0.00
  633.12,    0.00
  633.36,    0.00
  633.59,    0.00
  633.83,    0.00
  634.07,    0.00
  634.31,    0.00
  634.55,    0.00
  634.79,    0.00
  635.03,    0.00
  635.27,    0.00
  635.51,    0.00
  635.75,    0.00
  635.99,    0.00
  636.23,    0.00
  636.46,    0.00
  636.70,    0.00
  636.94,    0.00
  637.18,    0.00
  637.42,    0.00
  637.66,    0.00
  637.90,    0.00
  638.14,    0.00
  638.38,    0.00
  638.62,    0.00
  638.85,    0.00
  639.09,    0.00
  639.33,    0.00
  639.57,    0.00
  639.81,    0.00
  640.05,    0.00
  640.29,    0.00
  640.53,    0.00
  640.77,    0.00
  641.00,    0.00
  641.24,    0.00
  641.48,    0.00
  641.72,    0.00
  641.96,    0.00
  642.20,    0.00
  642.44,    0.00
  642.68,    0.00
  642.91,    0.00
  643.15,   -0.00
  643.39,    0.00
  643.63,    0.00
  643.87,   -0.00
  644.11,   -0.00
  644.35,   -0.00
  644.58,    0.00
  644.82,   -0.00
  645.06,    0.00
  645.30,    0.00
  645.54,    0.00
  645.78,    0.00
  646.01,    0.00
  646.25,    0.00
  646.49,    0.00
  646.73,    0.00
  646.97,    0.00
  647.21,    0.00
  647.44,    0.00
  647.68,    0.00
  647.92,    0.00
  648.16,    0.00
  648.40,    0.00
  648.64,    0.00
  648.87,    0.00
  649.11,    0.00
  649.35,    0.00
  649.59,    0.00
  649.83,    0.00
  650.06,    0.00
  650.30,    0.00
  650.54,    0.00
  650.78,    0.00
  651.02,    0.00
  651.26,    0.00
  651.49,    0.00
  651.73,    0.00
  651.97,    0.00
  652.21,    0.00
  652.45,    0.00
  652.68,    0.00
  652.92,    0.00
  653.16,    0.00
  653.40,    0.00
  653.63,    0.00
  653.87,    0.00
  654.11,    0.00
  654.35,    0.00
  654.59,    0.00
  654.82,    0.00
  655.06,    0.00
  655.30,    0.00
  655.54,    0.00
  655.77,    0.00
  656.01,    0.00
  656.25,    0.00
  656.49,    0.00
  656.73,    0.00
  656.96,    0.00
  657.20,    0.00
  657.44,    0.00
  657.68,    0.00
  657.91,    0.00
  658.15,    0.00
  658.39,    0.00
  658.63,    0.00
  658.86,    0.00
  659.10,    0.00
  659.34,    0.00
  659.58,    0.00
  659.81,    0.00
  660.05,    0.00
  660.29,    0.00
  660.52,    0.00
  660.76,    0.00
  661.00,    0.00
  661.24,    0.00
  661.47,    0.00
  661.71,    0.00
  661.95,    0.00
  662.19,    0.00
  662.42,    0.00
  662.66,    0.00
  662.90,    0.00
  663.13,    0.00
  663.37,    0.00
  663.61,    0.00
  663.85,    0.00
  664.08,    0.00
  664.32,    0.00
  664.56,    0.00
  664.79,    0.00
  665.03,    0.00
  665.27,    0.01
  665.50,    0.01
  665.74,    0.01
  665.98,    0.01
  666.22,    0.01
  666.45,    0.01
  666.69,    0.01
  666.93,    0.01
  667.16,    0.01
  667.40,    0.01
  667.64,    0.01
  667.87,    0.01
  668.11,    0.01
  668.35,    0.00
  668.58,    0.00
  668.82,    0.00
  669.06,    0.00
  669.29,    0.01
  669.53,    0.01
  669.77,    0.01
  670.00,    0.01
  670.24,    0.01
  670.48,    0.01
  670.71,    0.01
  670.95,    0.01
  671.19,    0.01
  671.42,    0.01
  671.66,    0.01
  671.90,    0.01
  672.13,    0.01
  672.37,    0.01
  672.61,    0.01
  672.84,    0.01
  673.08,    0.01
  673.32,    0.01
  673.55,    0.01
  673.79,    0.01
  674.02,    0.01
  674.26,    0.01
  674.50,    0.01
  674.73,    0.01
  674.97,    0.01
  675.21,    0.01
  675.44,    0.01
  675.68,    0.01
  675.91,    0.01
  676.15,    0.01
  676.39,    0.01
  676.62,    0.01
  676.86,    0.01
  677.10,    0.01
  677.33,    0.01
  677.57,    0.01
  677.80,    0.01
  678.04,    0.01
  678.28,    0.01
  678.51,    0.01
  678.75,    0.01
  678.98,    0.01
  679.22,    0.01
  679.46,    0.01
  679.69,    0.01
  679.93,    0.01
  680.16,    0.01
  680.40,    0.01
  680.64,    0.01
  680.87,    0.01
  681.11,    0.01
  681.34,    0.01
  681.58,    0.01
  681.81,    0.01
  682.05,    0.01
  682.29,    0.01
  682.52,    0.01
  682.76,    0.01
  682.99,    0.01
  683.23,    0.01
  683.46,    0.01
  683.70,    0.01
  683.94,    0.01
  684.17,    0.01
  684.41,    0.01
  684.64,    0.01
  684.88,    0.01
  685.11,    0.01
  685.35,    0.01
  685.58,    0.01
  685.82,    0.01
  686.06,    0.01
  686.29,    0.01
  686.53,    0.01
  686.76,    0.01
  687.00,    0.01
  687.23,    0.01
  687.47,    0.01
  687.70,    0.01
  687.94,    0.01
  688.17,    0.01
  688.41,    0.01
  688.64,    0.01
  688.88,    0.01
  689.12,    0.01
  689.35,    0.01
  689.59,    0.01
  689.82,    0.01
  690.06,    0.01
  690.29,    0.01
  690.53,    0.01
  690.76,    0.01
  691.00,    0.01
  691.23,    0.01
  691.47,    0.01
  691.70,    0.01
  691.94,    0.01
  692.17,    0.01
  692.41,    0.01
  692.64,    0.01
  692.88,    0.01
  693.11,    0.01
  693.35,    0.01
  693.58,    0.01
  693.82,    0.01
  694.05,    0.01
  694.29,    0.01
  694.52,    0.01
  694.76,    0.01
  694.99,    0.01
  695.23,    0.01
  695.46,    0.01
  695.69,    0.01
  695.93,    0.01
  696.16,    0.01
  696.40,    0.01
  696.63,    0.01
  696.87,    0.01
  697.10,    0.01
  697.34,    0.01
  697.57,    0.01
  697.81,    0.01
  698.04,    0.01
  698.28,    0.01
  698.51,    0.01
  698.75,    0.01
  698.98,    0.01
  699.21,    0.01
  699.45,    0.01
  699.68,    0.01
  699.92,    0.01
  700.15,    0.01
  700.39,    0.01
  700.62,    0.01
  700.86,    0.01
  701.09,    0.01
  701.32,    0.01
  701.56,    0.01
  701.79,    0.01
  702.03,    0.01
  702.26,    0.01
  702.50,    0.01
  702.73,    0.01
  702.96,    0.01
  703.20,    0.01
  703.43,    0.01
  703.67,    0.01
  703.90,    0.01
  704.13,    0.01
  704.37,    0.01
  704.60,    0.01
  704.84,    0.01
  705.07,    0.01
  705.30,    0.01
  705.54,    0.01
  705.77,    0.01
  706.01,    0.01
  706.24,    0.01
  706.47,    0.01
  706.71,    0.01
  706.94,    0.01
  707.18,    0.01
  707.41,    0.01
  707.64,    0.01
  707.88,    0.01
  708.11,    0.01
  708.35,    0.01
  708.58,    0.01
  708.81,    0.01
  709.05,    0.01
  709.28,    0.01
  709.51,    0.01
  709.75,    0.01
  709.98,    0.01
  710.22,    0.01
  710.45,    0.01
  710.68,    0.01
  710.92,    0.01
  711.15,    0.01
  711.38,    0.01
  711.62,    0.01
  711.85,    0.01
  712.08,    0.01
  712.32,    0.01
  712.55,    0.01
  712.79,    0.01
  713.02,    0.01
  713.25,    0.01
  713.49,    0.01
  713.72,    0.01
  713.95,    0.01
  714.19,    0.01
  714.42,    0.01
  714.65,    0.01
  714.89,    0.01
  715.12,    0.01
  715.35,    0.01
  715.59,    0.01
  715.82,    0.01
  716.05,    0.01
  716.29,    0.01
  716.52,    0.01
  716.75,    0.01
  716.98,    0.01
  717.22,    0.01
  717.45,    0.01
  717.68,    0.01
  717.92,    0.01
  718.15,    0.01
  718.38,    0.01
  718.62,    0.01
  718.85,    0.01
  719.08,    0.01
  719.32,    0.01
  719.55,    0.01
  719.78,    0.01
  720.01,    0.01
  720.25,    0.01
  720.48,    0.01
  720.71,    0.01
  720.95,    0.01
  721.18,    0.01
  721.41,    0.01
  721.64,    0.01
  721.88,    0.01
  722.11,    0.01
  722.34,    0.01
  722.58,    0.01
  722.81,    0.01
  723.04,    0.01
  723.27,    0.01
  723.51,    0.01
  723.74,    0.01
  723.97,    0.01
  724.20,    0.01
  724.44,    0.01
  724.67,    0.01
  724.90,    0.01
  725.13,    0.01
  725.37,    0.01
  725.60,    0.01
  725.83,    0.01
  726.06,    0.01
  726.30,    0.01
  726.53,    0.01
  726.76,    0.01
  726.99,    0.01
  727.23,    0.01
  727.46,    0.01
  727.69,    0.01
  727.92,    0.01
  728.16,    0.01
  728.39,    0.01
  728.62,    0.01
  728.85,    0.01
  729.09,    0.01
  729.32,    0.01
  729.55,    0.01
  729.78,    0.01
  730.01,    0.01
  730.25,    0.01
  730.48,    0.01
  730.71,    0.01
  730.94,    0.01
  731.18,    0.01
  731.41,    0.01
  731.64,    0.01
  731.87,    0.01
  732.10,    0.01
  732.34,    0.01
  732.57,    0.01
  732.80,    0.01
  733.03,    0.01
  733.26,    0.01
  733.50,    0.01
  733.73,    0.01
  733.96,    0.01
  734.19,    0.01
  734.42,    0.01
  734.65,    0.01
  734.89,    0.01
  735.12,    0.01
  735.35,    0.01
  735.58,    0.01
  735.81,    0.01
  736.05,    0.01
  736.28,    0.01
  736.51,    0.01
  736.74,    0.01
  736.97,    0.01
  737.20,    0.02
  737.44,    0.02
  737.67,    0.02
  737.90,    0.02
  738.13,    0.02
  738.36,    0.02
  738.59,    0.02
  738.83,    0.02
  739.06,    0.02
  739.29,    0.02
  739.52,    0.02
  739.75,    0.01
  739.98,    0.01
  740.21,    0.02
  740.45,    0.02
  740.68,    0.02
  740.91,    0.02
  741.14,    0.02
  741.37,    0.01
  741.60,    0.02
  741.83,    0.02
  742.06,    0.02
  742.30,    0.02
  742.53,    0.02
  742.76,    0.02
  742.99,    0.02
  743.22,    0.02
  743.45,    0.02
  743.68,    0.02
  743.91,    0.02
  744.15,    0.02
  744.38,    0.02
  744.61,    0.02
  744.84,    0.02
  745.07,    0.02
  745.30,    0.02
  745.53,    0.02
  745.76,    0.02
  745.99,    0.02
  746.23,    0.02
  746.46,    0.02
  746.69,    0.02
  746.92,    0.02
  747.15,    0.02
  747.38,    0.02
  747.61,    0.02
  747.84,    0.02
  748.07,    0.02
  748.30,    0.02
  748.53,    0.02
  748.76,    0.02
  749.00,    0.02
  749.23,    0.02
  749.46,    0.02
  749.69,    0.02
  749.92,    0.02
  750.15,    0.02
  750.38,    0.02
  750.61,    0.02
  750.84,    0.02
  751.07,    0.02
  751.30,    0.02
  751.53,    0.02
  751.76,    0.02
  751.99,    0.02
  752.22,    0.02
  752.46,    0.02
  752.69,    0.02
  752.92,    0.02
  753.15,    0.02
  753.38,    0.02
  753.61,    0.02
  753.84,    0.02
  754.07,    0.02
  754.30,    0.02
  754.53,    0.02
  754.76,    0.02
  754.99,    0.02
  755.22,    0.02
  755.45,    0.02
  755.68,    0.02
  755.91,    0.02
  756.14,    0.02
  756.37,    0.02
  756.60,    0.02
  756.83,    0.02
  757.06,    0.02
  757.29,    0.02
  757.52,    0.02
  757.75,    0.02
  757.98,    0.02
  758.21,    0.02
  758.44,    0.02
  758.67,    0.02
  758.90,    0.02
  759.13,    0.02
  759.36,    0.02
  759.59,    0.02
  759.82,    0.02
  760.05,    0.02
  760.28,    0.02
  760.51,    0.02
  760.74,    0.02
  760.97,    0.02
  761.20,    0.02
  761.43,    0.02
  761.66,    0.02
  761.89,    0.02
  762.12,    0.02
  762.35,    0.02
  762.58,    0.02
  762.81,    0.02
  763.04,    0.02
  763.27,    0.02
  763.50,    0.02
  763.73,    0.02
  763.96,    0.02
  764.19,    0.02
  764.42,    0.02
  764.65,    0.02
  764.88,    0.02
  765.11,    0.02
  765.34,    0.02
  765.57,    0.02
  765.79,    0.02
  766.02,    0.02
  766.25,    0.02
  766.48,    0.02
  766.71,    0.02
  766.94,    0.02
  767.17,    0.02
  767.40,    0.02
  767.63,    0.02
  767.86,    0.02
  768.09,    0.02
  768.32,    0.02
  768.55,    0.02
  768.78,    0.02
  769.01,    0.02
  769.24,    0.02
  769.46,    0.02
  769.69,    0.02
  769.92,    0.02
  770.15,    0.02
  770.38,    0.02
  770.61,    0.02
  770.84,    0.02
  771.07,    0.02
  771.30,    0.02
  771.53,    0.02
  771.76,    0.02
  771.98,    0.02
  772.21,    0.02
  772.44,    0.02
  772.67,    0.02
  772.90,    0.02
  773.13,    0.02
  773.36,    0.02
  773.59,    0.02
  773.82,    0.02
  774.05,    0.02
  774.27,    0.02
  774.50,    0.02
  774.73,    0.02
  774.96,    0.02
  775.19,    0.02
  775.42,    0.02
  775.65,    0.02
  775.88,    0.02
  776.10,    0.02
  776.33,    0.02
  776.56,    0.02
  776.79,    0.02
  777.02,    0.02
  777.25,    0.02
  777.48,    0.02
  777.71,    0.02
  777.93,    0.02
  778.16,    0.02
  778.39,    0.02
  778.62,    0.02
  778.85,    0.02
  779.08,    0.02
  779.30,    0.02
  779.53,    0.02
  779.76,    0.02
  779.99,    0.02
  780.22,    0.02
  780.45,    0.02
  780.68,    0.02
  780.90,    0.02
  781.13,    0.02
  781.36,    0.02
  781.59,    0.02
  781.82,    0.02
  782.05,    0.02
  782.27,    0.02
  782.50,    0.02
  782.73,    0.02
  782.96,    0.02
  783.19,    0.02
  783.41,    0.02
  783.64,    0.02
  783.87,    0.02
  784.10,    0.02
  784.33,    0.02
  784.55,    0.02
  784.78,    0.02
  785.01,    0.02
  785.24,    0.02
  785.47,    0.02
  785.69,    0.02
  785.92,    0.02
  786.15,    0.02
  786.38,    0.02
  786.61,    0.02
  786.83,    0.02
  787.06,    0.02
  787.29,    0.02
  787.52,    0.02
  787.75,    0.02
  787.97,    0.02
  788.20,    0.02
  788.43,    0.02
  788.66,    0.02
  788.88,    0.02
  789.11,    0.02
  789.34,    0.02
  789.57,    0.02
  789.80,    0.02
  790.02,    0.02
  790.25,    0.02
  790.48,    0.02
  790.71,    0.02
  790.93,    0.02
  791.16,    0.02
  791.39,    0.02
  791.62,    0.02
  791.84,    0.02
  792.07,    0.02
  792.30,    0.02
  792.53,    0.02
  792.75,    0.02
  792.98,    0.02
  793.21,    0.02
  793.44,    0.02
  793.66,    0.02
  793.89,    0.02
  794.12,    0.02
  794.35,    0.02
  794.57,    0.02
  794.80,    0.02
  795.03,    0.02
  795.25,    0.02
  795.48,    0.02
  795.71,    0.02
  795.94,    0.02
  796.16,    0.02
  796.39,    0.02
  796.62,    0.02
  796.84,    0.02
  797.07,    0.02
  797.30,    0.02
  797.53,    0.02
  797.75,    0.02
  797.98,    0.02
  798.21,    0.02
  798.43,    0.02
  798.66,    0.02
  798.89,    0.02
  799.12,    0.02
  799.34,    0.02
  799.57,    0.02
  799.80,    0.02
  800.02,    0.02
  800.25,    0.02
  800.48,    0.02
  800.70,    0.02
  800.93,    0.02
  801.16,    0.02
  801.38,    0.02
  801.61,    0.02
  801.84,    0.02
  802.06,    0.02
  802.29,    0.02
  802.52,    0.02
  802.74,    0.02
  802.97,    0.02
  803.20,    0.02
  803.42,    0.02
  803.65,    0.02
  803.88,    0.02
  804.10,    0.03
  804.33,    0.03
  804.56,    0.03
  804.78,    0.03
  805.01,    0.03
  805.24,    0.03
  805.46,    0.03
  805.69,    0.03
  805.92,    0.03
  806.14,    0.03
  806.37,    0.03
  806.60,    0.03
  806.82,    0.03
  807.05,    0.03
  807.27,    0.03
  807.50,    0.03
  807.73,    0.03
  807.95,    0.03
  808.18,    0.03
  808.41,    0.03
  808.63,    0.03
  808.86,    0.03
  809.08,    0.03
  809.31,    0.03
  809.54,    0.03
  809.76,    0.03
  809.99,    0.03
  810.22,    0.03
  810.44,    0.03
  810.67,    0.03
  810.89,    0.03
  811.12,    0.03
  811.35,    0.03
  811.57,    0.03
  811.80,    0.03
  812.02,    0.03
  812.25,    0.03
  812.48,    0.03
  812.70,    0.03
  812.93,    0.03
  813.15,    0.03
  813.38,    0.03
  813.60,    0.03
  813.83,    0.03
  814.06,    0.03
  814.28,    0.03
  814.51,    0.03
  814.73,    0.03
  814.96,    0.03
  815.19,    0.03
  815.41,    0.03
  815.64,    0.03
  815.86,    0.03
  816.09,    0.03
  816.31,    0.03
  816.54,    0.03
  816.76,    0.03
  816.99,    0.03
  817.22,    0.03
  817.44,    0.03
  817.67,    0.03
  817.89,    0.03
  818.12,    0.03
  818.34,    0.03
  818.57,    0.03
  818.79,    0.03
  819.02,    0.03
  819.25,    0.03
  819.47,    0.03
  819.70,    0.03
  819.92,    0.03
  820.15,    0.03
  820.37,    0.03
  820.60,    0.03
  820.82,    0.03
  821.05,    0.03
  821.27,    0.03
  821.50,    0.03
  821.72,    0.03
  821.95,    0.03
  822.17,    0.03
  822.40,    0.03
  822.62,    0.03
  822.85,    0.03
  823.07,    0.03
  823.30,    0.03
  823.52,    0.03
  823.75,    0.03
  823.97,    0.03
  824.20,    0.03
  824.42,    0.03
  824.65,    0.03
  824.87,    0.03
  825.10,    0.03
  825.32,    0.03
  825.55,    0.03
  825.77,    0.03
  826.00,    0.03
  826.22,    0.03
  826.45,    0.03
  826.67,    0.03
  826.90,    0.03
  827.12,    0.03
  827.35,    0.03
  827.57,    0.03
  827.80,    0.03
  828.02,    0.03
  828.25,    0.03
  828.47,    0.03
  828.70,    0.03
  828.92,    0.03
  829.15,    0.03
  829.37,    0.03
  829.60,    0.03
  829.82,    0.03
  830.04,    0.03
  830.27,    0.03
  830.49,    0.03
  830.72,    0.03
  830.94,    0.03
  831.17,    0.03
  831.39,    0.03
  831.62,    0.03
  831.84,    0.03
  832.07,    0.03
  832.29,    0.03
  832.51,    0.03
  832.74,    0.03
  832.96,    0.03
  833.19,    0.03
  833.41,    0.03
  833.64,    0.03
  833.86,    0.03
  834.08,    0.03
  834.31,    0.03
  834.53,    0.03
  834.76,    0.03
  834.98,    0.03
  835.21,    0.03
  835.43,    0.03
  835.65,    0.03
  835.88,    0.03
  836.10,    0.03
  836.33,    0.03
  836.55,    0.03
  836.77,    0.03
  837.00,    0.03
  837.22,    0.03
  837.45,    0.03
  837.67,    0.03
  837.89,    0.03
  838.12,    0.03
  838.34,    0.03
  838.57,    0.03
  838.79,    0.03
  839.01,    0.03
  839.24,    0.03
  839.46,    0.03
  839.69,    0.03
  839.91,    0.03
  840.13,    0.03
  840.36,    0.03
  840.58,    0.03
  840.80,    0.03
  841.03,    0.03
  841.25,    0.03
  841.48,    0.03
  841.70,    0.03
  841.92,    0.03
  842.15,    0.03
  842.37,    0.03
  842.59,    0.03
  842.82,    0.03
  843.04,    0.03
  843.26,    0.03
  843.49,    0.03
  843.71,    0.03
  843.93,    0.03
  844.16,    0.03
  844.38,    0.03
  844.60,    0.03
  844.83,    0.03
  845.05,    0.03
  845.28,    0.03
  845.50,    0.03
  845.72,    0.03
  845.95,    0.03
  846.17,    0.03
  846.39,    0.03
  846.62,    0.03
  846.84,    0.03
  847.06,    0.03
  847.28,    0.03
  847.51,    0.03
  847.73,    0.03
  847.95,    0.03
  848.18,    0.03
  848.40,    0.03
  848.62,    0.03
  848.85,    0.03
  849.07,    0.03
  849.29,    0.03
  849.52,    0.03
  849.74,    0.03
  849.96,    0.03
  850.19,    0.03
  850.41,    0.03
  850.63,    0.03
  850.85,    0.03
  851.08,    0.03
  851.30,    0.03
  851.52,    0.03
  851.75,    0.03
  851.97,    0.03
  852.19,    0.03
  852.41,    0.03
  852.64,    0.03
  852.86,    0.03
  853.08,    0.03
  853.31,    0.03
  853.53,    0.03
  853.75,    0.03
  853.97,    0.03
  854.20,    0.03
  854.42,    0.03
  854.64,    0.03
  854.86,    0.03
  855.09,    0.03
  855.31,    0.03
  855.53,    0.03
  855.76,    0.03
  855.98,    0.03
  856.20,    0.03
  856.42,    0.03
  856.65,    0.03
  856.87,    0.03
  857.09,    0.03
  857.31,    0.03
  857.54,    0.03
  857.76,    0.03
  857.98,    0.03
  858.20,    0.03
  858.42,    0.03
  858.65,    0.03
  858.87,    0.03
  859.09,    0.03
  859.31,    0.03
  859.54,    0.03
  859.76,    0.03
  859.98,    0.03
  860.20,    0.03
  860.43,    0.03
  860.65,    0.03
  860.87,    0.03
  861.09,    0.03
  861.31,    0.03
  861.54,    0.03
  861.76,    0.03
  861.98,    0.03
  862.20,    0.03
  862.42,    0.03
  862.65,    0.03
  862.87,    0.04
  863.09,    0.03
  863.31,    0.03
  863.53,    0.04
  863.76,    0.03
  863.98,    0.03
  864.20,    0.03
  864.42,    0.03
  864.64,    0.03
  864.87,    0.03
  865.09,    0.03
  865.31,    0.03
  865.53,    0.03
  865.75,    0.03
  865.97,    0.03
  866.20,    0.04
  866.42,    0.04
  866.64,    0.04
  866.86,    0.04
  867.08,    0.04
  867.31,    0.04
  867.53,    0.04
  867.75,    0.04
  867.97,    0.04
  868.19,    0.04
  868.41,    0.04
  868.63,    0.04
  868.86,    0.04
  869.08,    0.04
  869.30,    0.04
  869.52,    0.04
  869.74,    0.04
  869.96,    0.04
  870.19,    0.04
  870.41,    0.04
  870.63,    0.04
  870.85,    0.04
  871.07,    0.04
  871.29,    0.04
  871.51,    0.04
  871.73,    0.04
  871.96,    0.04
  872.18,    0.04
  872.40,    0.04
  872.62,    0.04
  872.84,    0.04
  873.06,    0.04
  873.28,    0.04
  873.50,    0.04
  873.73,    0.04
  873.95,    0.04
  874.17,    0.04
  874.39,    0.04
  874.61,    0.04
  874.83,    0.04
  875.05,    0.04
  875.27,    0.04
  875.49,    0.04
  875.72,    0.04
  875.94,    0.04
  876.16,    0.04
  876.38,    0.04
  876.60,    0.04
  876.82,    0.04
  877.04,    0.04
  877.26,    0.04
  877.48,    0.04
  877.70,    0.04
  877.92,    0.04
  878.15,    0.03
  878.37,    0.03
  878.59,    0.04
  878.81,    0.03
  879.03,    0.04
  879.25,    0.04
  879.47,    0.04
  879.69,    0.04
  879.91,    0.04
  880.13,    0.04
  880.35,    0.04
  880.57,    0.04
  880.79,    0.04
  881.01,    0.04
  881.24,    0.04
  881.46,    0.04
  881.68,    0.04
  881.90,    0.04
  882.12,    0.04
  882.34,    0.04
  882.56,    0.04
  882.78,    0.04
  883.00,    0.04
  883.22,    0.04
  883.44,    0.04
  883.66,    0.04
  883.88,    0.04
  884.10,    0.04
  884.32,    0.04
  884.54,    0.04
  884.76,    0.04
  884.98,    0.04
  885.20,    0.04
  885.42,    0.04
  885.64,    0.04
  885.86,    0.04
  886.08,    0.04
  886.30,    0.04
  886.52,    0.04
  886.74,    0.04
  886.96,    0.04
  887.18,    0.04
  887.40,    0.04
  887.62,    0.04
  887.84,    0.04
  888.06,    0.04
  888.28,    0.04
  888.50,    0.04
  888.72,    0.04
  888.94,    0.04
  889.16,    0.04
  889.38,    0.04
  889.60,    0.04
  889.82,    0.04
  890.04,    0.04
  890.26,    0.04
  890.48,    0.04
  890.70,    0.04
  890.92,    0.04
  891.14,    0.04
  891.36,    0.04
  891.58,    0.04
  891.80,    0.04
  892.02,    0.04
  892.24,    0.04
  892.46,    0.04
  892.68,    0.04
  892.90,    0.04
  893.12,    0.04
  893.34,    0.04
  893.56,    0.04
  893.78,    0.04
  894.00,    0.04
  894.22,    0.04
  894.44,    0.04
  894.66,    0.04
  894.88,    0.04
  895.10,    0.04
  895.32,    0.04
  895.54,    0.04
  895.76,    0.04
  895.97,    0.04
  896.19,    0.04
  896.41,    0.04
  896.63,    0.04
  896.85,    0.04
  897.07,    0.04
  897.29,    0.04
  897.51,    0.04
  897.73,    0.04
  897.95,    0.04
  898.17,    0.04
  898.39,    0.04
  898.61,    0.04
  898.83,    0.04
  899.04,    0.04
  899.26,    0.04
  899.48,    0.04
  899.70,    0.04
  899.92,    0.04
  900.14,    0.04
  900.36,    0.04
  900.58,    0.04
  900.80,    0.04
  901.02,    0.04
  901.24,    0.04
  901.45,    0.04
  901.67,    0.04
  901.89,    0.04
  902.11,    0.04
  902.33,    0.04
  902.55,    0.04
  902.77,    0.04
  902.99,    0.04
  903.21,    0.04
  903.42,    0.04
  903.64,    0.04
  903.86,    0.04
  904.08,    0.04
  904.30,    0.04
  904.52,    0.04
  904.74,    0.04
  904.96,    0.04
  905.17,    0.04
  905.39,    0.04
  905.61,    0.04
  905.83,    0.04
  906.05,    0.04
  906.27,    0.04
  906.49,    0.04
  906.70,    0.04
  906.92,    0.04
  907.14,    0.04
  907.36,    0.04
  907.58,    0.04
  907.80,    0.04
  908.02,    0.04
  908.23,    0.04
  908.45,    0.04
  908.67,    0.04
  908.89,    0.04
  909.11,    0.04
  909.33,    0.04
  909.54,    0.04
  909.76,    0.04
  909.98,    0.04
  910.20,    0.04
  910.42,    0.04
  910.64,    0.04
  910.85,    0.04
  911.07,    0.04
  911.29,    0.04
  911.51,    0.04
  911.73,    0.04
  911.94,    0.04
  912.16,    0.04
  912.38,    0.04
  912.60,    0.04
  912.82,    0.04
  913.03,    0.04
  913.25,    0.04
  913.47,    0.04
  913.69,    0.04
  913.91,    0.04
  914.12,    0.04
  914.34,    0.04
  914.56,    0.04
  914.78,    0.04
  915.00,    0.04
  915.21,    0.04
  915.43,    0.04
  915.65,    0.04
  915.87,    0.04
  916.09,    0.04
  916.30,    0.04
  916.52,    0.04
  916.74,    0.04
  916.96,    0.04
  917.17,    0.04
  917.39,    0.04
  917.61,    0.04
  917.83,    0.04
  918.05,    0.04
  918.26,    0.04
  918.48,    0.04
  918.70,    0.04
  918.92,    0.04
  919.13,    0.04
  919.35,    0.04
  919.57,    0.04
  919.79,    0.04
  920.00,    0.04
  920.22,    0.04
  920.44,    0.04
  920.66,    0.04
  920.87,    0.04
  921.09,    0.04
  921.31,    0.04
  921.53,    0.04
  921.74,    0.04
  921.96,    0.04
  922.18,    0.04
  922.39,    0.04
  922.61,    0.04
  922.83,    0.04
  923.05,    0.04
  923.26,    0.04
  923.48,    0.04
  923.70,    0.04
  923.92,    0.04
  924.13,    0.04
  924.35,    0.04
  924.57,    0.04
  924.78,    0.04
  925.00,    0.04
  925.22,    0.04
  925.44,    0.04
  925.65,    0.04
  925.87,    0.04
  926.09,    0.04
  926.30,    0.04
  926.52,    0.04
  926.74,    0.05
  926.95,    0.05
  927.17,    0.05
  927.39,    0.05
  927.60,    0.05
  927.82,    0.04
  928.04,    0.04
  928.26,    0.04
  928.47,    0.04
  928.69,    0.04
  928.91,    0.04
  929.12,    0.04
  929.34,    0.04
  929.56,    0.04
  929.77,    0.04
  929.99,    0.05
  930.21,    0.04
  930.42,    0.04
  930.64,    0.05
  930.86,    0.05
  931.07,    0.05
  931.29,    0.05
  931.51,    0.04
  931.72,    0.04
  931.94,    0.05
  932.16,    0.05
  932.37,    0.04
  932.59,    0.04
  932.81,    0.04
  933.02,    0.04
  933.24,    0.04
  933.45,    0.04
  933.67,    0.04
  933.89,    0.04
  934.10,    0.04
  934.32,    0.04
  934.54,    0.04
  934.75,    0.04
  934.97,    0.04
  935.19,    0.04
  935.40,    0.04
  935.62,    0.04
  935.83,    0.04
  936.05,    0.04
  936.27,    0.04
  936.48,    0.04
  936.70,    0.04
  936.91,    0.04
  937.13,    0.05
  937.35,    0.04
  937.56,    0.04
  937.78,    0.04
  938.00,    0.05
  938.21,    0.04
  938.43,    0.05
  938.64,    0.04
  938.86,    0.04
  939.08,    0.04
  939.29,    0.04
  939.51,    0.04
  939.72,    0.04
  939.94,    0.04
  940.15,    0.04
  940.37,    0.04
  940.59,    0.04
  940.80,    0.05
  941.02,    0.05
  941.23,    0.05
  941.45,    0.05
  941.67,    0.05
  941.88,    0.05
  942.10,    0.05
  942.31,    0.05
  942.53,    0.05
  942.74,    0.05
  942.96,    0.05
  943.18,    0.05
  943.39,    0.05
  943.61,    0.04
  943.82,    0.04
  944.04,    0.04
  944.25,    0.04
  944.47,    0.05
  944.68,    0.05
  944.90,    0.05
  945.12,    0.05
  945.33,    0.05
  945.55,    0.05
  945.76,    0.05
  945.98,    0.05
  946.19,    0.05
  946.41,    0.05
  946.62,    0.05
  946.84,    0.04
  947.05,    0.04
  947.27,    0.05
  947.48,    0.05
  947.70,    0.04
  947.91,    0.04
  948.13,    0.04
  948.35,    0.04
  948.56,    0.04
  948.78,    0.05
  948.99,    0.05
  949.21,    0.05
  949.42,    0.05
  949.64,    0.05
  949.85,    0.05
  950.07,    0.05
  950.28,    0.05
  950.50,    0.05
  950.71,    0.05
  950.93,    0.05
  951.14,    0.05
  951.36,    0.05
  951.57,    0.05
  951.79,    0.05
  952.00,    0.05
  952.22,    0.05
  952.43,    0.05
  952.65,    0.05
  952.86,    0.05
  953.08,    0.05
  953.29,    0.05
  953.51,    0.05
  953.72,    0.05
  953.93,    0.05
  954.15,    0.05
  954.36,    0.05
  954.58,    0.05
  954.79,    0.05
  955.01,    0.05
  955.22,    0.05
  955.44,    0.05
  955.65,    0.05
  955.87,    0.05
  956.08,    0.05
  956.30,    0.05
  956.51,    0.05
  956.73,    0.05
  956.94,    0.05
  957.15,    0.05
  957.37,    0.05
  957.58,    0.05
  957.80,    0.05
  958.01,    0.05
  958.23,    0.05
  958.44,    0.05
  958.66,    0.05
  958.87,    0.05
  959.08,    0.05
  959.30,    0.05
  959.51,    0.05
  959.73,    0.05
  959.94,    0.05
  960.16,    0.05
  960.37,    0.05
  960.58,    0.05
  960.80,    0.05
  961.01,    0.05
  961.23,    0.05
  961.44,    0.05
  961.65,    0.05
  961.87,    0.05
  962.08,    0.05
  962.30,    0.05
  962.51,    0.05
  962.73,    0.05
  962.94,    0.05
  963.15,    0.05
  963.37,    0.05
  963.58,    0.05
  963.80,    0.05
  964.01,    0.05
  964.22,    0.05
  964.44,    0.05
  964.65,    0.05
  964.86,    0.05
  965.08,    0.05
  965.29,    0.05
  965.51,    0.05
  965.72,    0.05
  965.93,    0.05
  966.15,    0.05
  966.36,    0.05
  966.58,    0.05
  966.79,    0.05
  967.00,    0.05
  967.22,    0.05
  967.43,    0.05
  967.64,    0.05
  967.86,    0.05
  968.07,    0.05
  968.28,    0.05
  968.50,    0.05
  968.71,    0.05
  968.93,    0.05
  969.14,    0.05
  969.35,    0.05
  969.57,    0.05
  969.78,    0.05
  969.99,    0.05
  970.21,    0.05
  970.42,    0.05
  970.63,    0.05
  970.85,    0.05
  971.06,    0.05
  971.27,    0.05
  971.49,    0.05
  971.70,    0.05
  971.91,    0.05
  972.13,    0.05
  972.34,    0.05
  972.55,    0.05
  972.77,    0.05
  972.98,    0.05
  973.19,    0.05
  973.41,    0.05
  973.62,    0.05
  973.83,    0.05
  974.05,    0.05
  974.26,    0.05
  974.47,    0.05
  974.68,    0.05
  974.90,    0.05
  975.11,    0.05
  975.32,    0.05
  975.54,    0.05
  975.75,    0.05
  975.96,    0.05
  976.18,    0.05
  976.39,    0.05
  976.60,    0.06
  976.81,    0.05
  977.03,    0.05
  977.24,    0.05
  977.45,    0.05
  977.67,    0.05
  977.88,    0.05
  978.09,    0.05
  978.30,    0.05
  978.52,    0.05
  978.73,    0.05
  978.94,    0.05
  979.16,    0.05
  979.37,    0.05
  979.58,    0.05
  979.79,    0.05
  980.01,    0.05
  980.22,    0.05
  980.43,    0.05
  980.64,    0.05
  980.86,    0.05
  981.07,    0.05
  981.28,    0.05
  981.49,    0.05
  981.71,    0.05
  981.92,    0.05
  982.13,    0.05
  982.34,    0.05
  982.56,    0.05
  982.77,    0.05
  982.98,    0.05
  983.19,    0.05
  983.41,    0.05
  983.62,    0.05
  983.83,    0.05
  984.04,    0.05
  984.26,    0.05
  984.47,    0.05
  984.68,    0.05
  984.89,    0.05
  985.10,    0.06
  985.32,    0.05
  985.53,    0.05
  985.74,    0.05
  985.95,    0.05
  986.16,    0.05
  986.38,    0.05
  986.59,    0.05
  986.80,    0.05
  987.01,    0.05
  987.23,    0.05
  987.44,    0.05
  987.65,    0.05
  987.86,    0.05
  988.07,    0.05
  988.29,    0.05
  988.50,    0.05
  988.71,    0.05
  988.92,    0.05
  989.13,    0.05
  989.34,    0.05
  989.56,    0.05
  989.77,    0.05
  989.98,    0.05
  990.19,    0.06
  990.40,    0.05
  990.62,    0.05
  990.83,    0.05
  991.04,    0.06
  991.25,    0.06
  991.46,    0.06
  991.67,    0.06
  991.89,    0.06
  992.10,    0.06
  992.31,    0.06
  992.52,    0.06
  992.73,    0.06
  992.94,    0.06
  993.16,    0.06
  993.37,    0.06
  993.58,    0.05
  993.79,    0.05
  994.00,    0.05
  994.21,    0.06
  994.42,    0.05
  994.64,    0.06
  994.85,    0.05
  995.06,    0.06
  995.27,    0.06
  995.48,    0.06
  995.69,    0.06
  995.90,    0.06
  996.12,    0.06
  996.33,    0.06
  996.54,    0.06
  996.75,    0.06
  996.96,    0.06
  997.17,    0.06
  997.38,    0.06
  997.59,    0.06
  997.81,    0.06
  998.02,    0.06
  998.23,    0.06
  998.44,    0.06
  998.65,    0.06
  998.86,    0.06
  999.07,    0.06
  999.28,    0.06
  999.49,    0.06
  999.71,    0.06
  999.92,    0.06
 1000.13,    0.06
 1000.34,    0.06
 1000.55,    0.06
 1000.76,    0.06
 1000.97,    0.06
 1001.18,    0.06
 1001.39,    0.06
 1001.60,    0.06
 1001.82,    0.06
 1002.03,    0.06
 1002.24,    0.06
 1002.45,    0.06
 1002.66,    0.06
 1002.87,    0.06
 1003.08,    0.06
 1003.29,    0.06
 1003.50,    0.06
 1003.71,    0.06
 1003.92,    0.06
 1004.13,    0.06
 1004.34,    0.05
 1004.55,    0.06
 1004.77,    0.06
 1004.98,    0.06
 1005.19,    0.06
 1005.40,    0.06
 1005.61,    0.06
 1005.82,    0.06
 1006.03,    0.06
 1006.24,    0.06
 1006.45,    0.06
 1006.66,    0.06
 1006.87,    0.06
 1007.08,    0.06
 1007.29,    0.06
 1007.50,    0.06
 1007.71,    0.06
 1007.92,    0.06
 1008.13,    0.06
 1008.34,    0.06
 1008.55,    0.06
 1008.76,    0.06
 1008.97,    0.06
 1009.18,    0.06
 1009.39,    0.06
 1009.60,    0.06
 1009.81,    0.06
 1010.02,    0.06
 1010.23,    0.06
 1010.45,    0.06
 1010.66,    0.06
 1010.87,    0.06
 1011.08,    0.06
 1011.29,    0.06
 1011.50,    0.06
 1011.71,    0.06
 1011.92,    0.06
 1012.13,    0.06
 1012.34,    0.06
 1012.55,    0.06
 1012.76,    0.06
 1012.97,    0.06
 1013.18,    0.06
 1013.39,    0.06
 1013.60,    0.06
 1013.80,    0.06
 1014.01,    0.06
 1014.22,    0.06
 1014.43,    0.06
 1014.64,    0.06
 1014.85,    0.06
 1015.06,    0.06
 1015.27,    0.06
 1015.48,    0.06
 1015.69,    0.06
 1015.90,    0.06
 1016.11,    0.06
 1016.32,    0.06
 1016.53,    0.06
 1016.74,    0.06
 1016.95,    0.06
 1017.16,    0.06
 1017.37,    0.06
 1017.58,    0.06
 1017.79,    0.06
 1018.00,    0.07
 1018.21,    0.07
 1018.42,    0.07
 1018.63,    0.07
 1018.84,    0.07
 1019.05,    0.07
 1019.26,    0.07
 1019.46,    0.07
 1019.67,    0.07
 1019.88,    0.07
 1020.09,    0.07
 1020.30,    0.06
 1020.51,    0.06
 1020.72,    0.06
 1020.93,    0.06
 1021.14,    0.06
 1021.35,    0.06
 1021.56,    0.06
 1021.77,    0.06
 1021.98,    0.06
 1022.19,    0.06
 1022.39,    0.06
 1022.60,    0.06
 1022.81,    0.06
 1023.02,    0.06
 1023.23,    0.06
 1023.44,    0.06
 1023.65,    0.06
 1023.86,    0.07
 1024.07,    0.06
 1024.28,    0.07
 1024.48,    0.07
 1024.69,    0.07
 1024.90,    0.06
 1025.11,    0.06
 1025.32,    0.06
 1025.53,    0.06
 1025.74,    0.07
 1025.95,    0.06
 1026.16,    0.06
 1026.36,    0.06
 1026.57,    0.06
 1026.78,    0.06
 1026.99,    0.06
 1027.20,    0.06
 1027.41,    0.06
 1027.62,    0.06
 1027.83,    0.06
 1028.03,    0.06
 1028.24,    0.06
 1028.45,    0.06
 1028.66,    0.06
 1028.87,    0.06
 1029.08,    0.06
 1029.29,    0.06
 1029.49,    0.06
 1029.70,    0.06
 1029.91,    0.06
 1030.12,    0.06
 1030.33,    0.06
 1030.54,    0.06
 1030.75,    0.06
 1030.95,    0.06
 1031.16,    0.06
 1031.37,    0.06
 1031.58,    0.06
 1031.79,    0.06
 1032.00,    0.06
 1032.20,    0.06
 1032.41,    0.06
 1032.62,    0.06
 1032.83,    0.06
 1033.04,    0.06
 1033.25,    0.06
 1033.45,    0.06
 1033.66,    0.06
 1033.87,    0.06
 1034.08,    0.06
 1034.29,    0.06
 1034.49,    0.06
 1034.70,    0.06
 1034.91,    0.06
 1035.12,    0.06
 1035.33,    0.06
 1035.54,    0.06
 1035.74,    0.06
 1035.95,    0.06
 1036.16,    0.06
 1036.37,    0.06
 1036.58,    0.07
 1036.78,    0.07
 1036.99,    0.06
 1037.20,    0.07
 1037.41,    0.06
 1037.61,    0.06
 1037.82,    0.07
 1038.03,    0.07
 1038.24,    0.07
 1038.45,    0.07
 1038.65,    0.06
 1038.86,    0.06
 1039.07,    0.06
 1039.28,    0.07
 1039.49,    0.06
 1039.69,    0.07
 1039.90,    0.06
 1040.11,    0.07
 1040.32,    0.07
 1040.52,    0.07
 1040.73,    0.07
 1040.94,    0.07
 1041.15,    0.07
 1041.35,    0.07
 1041.56,    0.07
 1041.77,    0.07
 1041.98,    0.07
 1042.18,    0.07
 1042.39,    0.07
 1042.60,    0.07
 1042.81,    0.06
 1043.01,    0.06
 1043.22,    0.06
 1043.43,    0.06
 1043.64,    0.06
 1043.84,    0.06
 1044.05,    0.06
 1044.26,    0.06
 1044.47,    0.07
 1044.67,    0.07
 1044.88,    0.06
 1045.09,    0.07
 1045.29,    0.07
 1045.50,    0.07
 1045.71,    0.07
 1045.92,    0.07
 1046.12,    0.07
 1046.33,    0.07
 1046.54,    0.06
 1046.74,    0.06
 1046.95,    0.06
 1047.16,    0.06
 1047.37,    0.06
 1047.57,    0.06
 1047.78,    0.06
 1047.99,    0.06
 1048.19,    0.06
 1048.40,    0.06
 1048.61,    0.06
 1048.81,    0.06
 1049.02,    0.06
 1049.23,    0.06
 1049.44,    0.07
 1049.64,    0.06
 1049.85,    0.07
 1050.06,    0.07
 1050.26,    0.07
 1050.47,    0.07
 1050.68,    0.07
 1050.88,    0.06
 1051.09,    0.06
 1051.30,    0.06
 1051.50,    0.06
 1051.71,    0.06
 1051.92,    0.06
 1052.12,    0.06
 1052.33,    0.05
 1052.54,    0.05
 1052.74,    0.05
 1052.95,    0.05
 1053.16,    0.05
 1053.36,    0.05
 1053.57,    0.05
 1053.78,    0.05
 1053.98,    0.05
 1054.19,    0.06
 1054.40,    0.06
 1054.60,    0.06
 1054.81,    0.06
 1055.01,    0.05
 1055.22,    0.06
 1055.43,    0.06
 1055.63,    0.06
 1055.84,    0.05
 1056.05,    0.05
 1056.25,    0.05
 1056.46,    0.05
 1056.67,    0.05
 1056.87,    0.05
 1057.08,    0.06
 1057.28,    0.06
 1057.49,    0.06
 1057.70,    0.06
 1057.90,    0.06
 1058.11,    0.06
 1058.31,    0.07
 1058.52,    0.07
 1058.73,    0.07
 1058.93,    0.07
 1059.14,    0.07
 1059.35,    0.07
 1059.55,    0.07
 1059.76,    0.07
 1059.96,    0.07
 1060.17,    0.07
 1060.38,    0.07
 1060.58,    0.07
 1060.79,    0.07
 1060.99,    0.07
